City_ID,City,Country,Date,Lat,Lng,Max Temp,Humidity,Cloudiness,Wind Speed
0,Medina,SA,2022-05-16 02:57:25,24.4686,39.6142,84.63,8,0,4.61
1,Atuona,PF,2022-05-16 02:57:25,-9.8,-139.0333,78.76,71,11,15.84
2,Orapa,BW,2022-05-16 02:57:26,-21.2833,25.3667,60.94,77,4,14.05
3,Albany,US,2022-05-16 02:53:56,42.6001,-73.9662,66.02,94,100,3.4
4,Zhigalovo,RU,2022-05-16 02:53:16,54.8097,105.1578,69.21,35,95,3.13
5,Junction City,US,2022-05-16 02:57:27,39.0286,-96.8314,64.85,69,33,9.19
6,Puerto Ayora,EC,2022-05-16 02:57:28,-0.7393,-90.3518,73.54,97,80,1.01
7,Castro,BR,2022-05-16 02:57:28,-24.7911,-50.0119,51.67,98,11,3.87
8,Yellowknife,CA,2022-05-16 02:57:29,62.456,-114.3525,52.32,43,75,9.22
9,Provideniya,RU,2022-05-16 02:57:30,64.3833,-173.3,39.36,70,0,15.99
10,Punta Arenas,CL,2022-05-16 02:57:31,-53.15,-70.9167,41.11,81,0,8.05
11,Rikitea,PF,2022-05-16 02:57:31,-23.1203,-134.9692,77.41,68,50,19.08
12,Bhainsa,IN,2022-05-16 02:57:32,26.9548,76.9012,96.76,14,99,17.83
13,Nidzica,PL,2022-05-16 02:57:32,53.3605,20.4275,33.39,86,94,4.07
14,San Patricio,US,2022-05-16 02:52:37,28.017,-97.5169,80.55,82,0,13.53
15,Kaeo,NZ,2022-05-16 02:57:33,-35.1,173.7833,71.33,73,15,10.98
16,Hermanus,ZA,2022-05-16 02:54:14,-34.4187,19.2345,58.8,58,0,9.69
17,Meadow Lake,US,2022-05-16 02:57:34,34.8014,-106.5436,81.14,23,29,7.63
18,Gunjur,GM,2022-05-16 02:57:35,13.2019,-16.7339,75.27,94,75,6.91
19,Avarua,CK,2022-05-16 02:55:53,-21.2078,-159.775,78.85,65,75,3.44
20,Cape Town,ZA,2022-05-16 02:57:36,-33.9258,18.4232,64.11,93,0,5.75
21,Ushuaia,AR,2022-05-16 02:57:16,-54.8,-68.3,47.86,57,0,21.85
22,Naze,JP,2022-05-16 02:57:36,28.3667,129.4833,59.92,86,100,12.91
23,Tahta,EG,2022-05-16 02:57:37,26.7693,31.5021,74.46,35,100,14.27
24,Brae,GB,2022-05-16 02:57:37,60.3964,-1.353,48.11,91,91,10.16
25,Krasnoborsk,RU,2022-05-16 02:57:38,61.5598,45.934,46.8,96,100,2.55
26,Shenandoah,US,2022-05-16 02:54:10,30.4013,-91.0009,79.99,86,38,6.58
27,Moron,AR,2022-05-16 02:57:39,-34.6534,-58.6198,55.15,70,90,12.21
28,Buchanan,LR,2022-05-16 02:57:39,5.8808,-10.0467,78.98,88,100,7.47
29,Leshukonskoye,RU,2022-05-16 02:57:40,64.8989,45.7622,40.39,80,76,8.12
30,Arraial Do Cabo,BR,2022-05-16 02:57:41,-22.9661,-42.0278,72.72,83,7,10.22
31,Kumta,IN,2022-05-16 02:57:41,14.4167,74.4,84.4,78,100,9.93
32,Mataura,NZ,2022-05-16 02:57:42,-46.1927,168.8643,60.48,64,3,2.35
33,Paamiut,GL,2022-05-16 02:57:43,61.994,-49.6678,32.67,68,3,6.06
34,Irituia,BR,2022-05-16 02:57:43,-1.7711,-47.4381,73.76,99,100,2.75
35,Torbay,CA,2022-05-16 02:57:44,47.6666,-52.7314,30.27,87,75,4.61
36,Turukhansk,RU,2022-05-16 02:57:44,65.8167,87.9833,64.15,46,100,17.18
37,Artvin,TR,2022-05-16 02:57:45,41.1667,41.8333,48.76,94,100,5.37
38,Hokitika,NZ,2022-05-16 02:57:45,-42.7167,170.9667,60.78,78,47,4.38
39,Lompoc,US,2022-05-16 02:57:46,34.6391,-120.4579,58.84,85,100,28.01
40,Portland,US,2022-05-16 02:56:04,45.5234,-122.6762,64.9,67,26,5.01
41,Kiunga,PG,2022-05-16 02:57:46,-6.1219,141.2906,89.19,56,67,2.28
42,Chapais,CA,2022-05-16 02:57:47,49.7834,-74.8492,55.18,98,100,5.59
43,Ponta Do Sol,PT,2022-05-16 02:58:47,32.6667,-17.1,70.0,87,43,5.99
44,Busselton,AU,2022-05-16 02:58:48,-33.65,115.3333,61.54,62,98,10.18
45,Kodiak,US,2022-05-16 02:58:48,57.79,-152.4072,43.95,68,22,3.56
46,Barrow,US,2022-05-16 02:58:49,71.2906,-156.7887,26.87,94,100,17.31
47,Jamestown,US,2022-05-16 02:58:49,42.097,-79.2353,62.02,71,54,1.01
48,Port Alfred,ZA,2022-05-16 02:54:14,-33.5906,26.891,61.7,81,0,8.63
49,Tirumullaivasal,IN,2022-05-16 02:58:50,11.2333,79.8333,84.81,68,100,8.43
50,Caravelas,BR,2022-05-16 02:58:50,-17.7125,-39.2481,73.15,79,73,5.01
51,Lebu,CL,2022-05-16 02:58:51,-37.6167,-73.65,52.88,63,99,3.49
52,Kapaa,US,2022-05-16 02:58:51,22.0752,-159.319,80.58,82,98,5.01
53,Berea,US,2022-05-16 02:58:52,41.3662,-81.8543,66.76,73,99,15.5
54,Bredasdorp,ZA,2022-05-16 02:58:52,-34.5322,20.0403,53.31,73,0,4.12
55,Cidreira,BR,2022-05-16 02:58:53,-30.1811,-50.2056,58.5,78,95,13.94
56,Cherskiy,RU,2022-05-16 02:58:53,68.75,161.3,36.14,84,97,6.4
57,Saskylakh,RU,2022-05-16 02:58:54,71.9167,114.0833,33.8,100,100,4.5
58,Hobart,AU,2022-05-16 02:56:22,-42.8794,147.3294,54.27,63,20,17.27
59,Lethem,GY,2022-05-16 02:58:54,3.3803,-59.7968,78.1,80,99,5.95
60,Ganta,LR,2022-05-16 02:58:55,7.3022,-8.5308,70.75,99,100,2.28
61,Saint-Joseph,RE,2022-05-16 02:58:55,-21.3667,55.6167,68.38,85,58,13.11
62,Purpe,RU,2022-05-16 02:58:56,64.4803,76.6897,58.24,55,87,10.6
63,Camacha,PT,2022-05-16 02:58:56,33.0833,-16.3333,62.02,94,0,2.3
64,Cumberland,US,2022-05-16 02:58:57,35.0502,-78.8664,77.49,74,20,6.91
65,Jalu,LY,2022-05-16 02:58:57,29.0331,21.5482,69.44,36,0,8.12
66,Anito,PH,2022-05-16 02:58:58,12.4497,125.2886,87.15,66,53,10.96
67,Guamuchil,MX,2022-05-16 02:58:58,25.4667,-108.1,77.76,49,69,3.74
68,Matara,LK,2022-05-16 02:58:59,5.9485,80.5353,81.25,86,84,13.78
69,Kalmunai,LK,2022-05-16 02:58:59,7.4167,81.8167,84.25,67,65,4.05
70,Monte Santo De Minas,BR,2022-05-16 02:59:00,-21.1897,-46.9803,58.46,98,83,2.71
71,Abha,SA,2022-05-16 02:55:34,18.2164,42.5053,60.62,10,0,5.75
72,Bull Savanna,JM,2022-05-16 02:59:00,17.8868,-77.5902,76.77,85,100,8.66
73,Geraldton,AU,2022-05-16 02:59:01,-28.7667,114.6,70.21,52,0,10.36
74,Pevek,RU,2022-05-16 02:59:01,69.7008,170.3133,29.55,75,96,4.12
75,Butaritari,KI,2022-05-16 02:59:02,3.0707,172.7902,81.79,73,30,10.42
76,Khatanga,RU,2022-05-16 02:59:02,71.9667,102.5,32.9,100,100,4.76
77,Wonthaggi,AU,2022-05-16 02:59:03,-38.6044,145.5913,56.82,72,85,18.01
78,Touros,BR,2022-05-16 02:59:03,-5.1989,-35.4608,76.55,91,86,7.56
79,Mehamn,NO,2022-05-16 02:59:04,71.0357,27.8492,37.31,88,100,13.11
80,Lagoa,PT,2022-05-16 02:59:04,39.05,-27.9833,55.89,81,15,45.5
81,Souillac,MU,2022-05-16 02:59:05,-20.5167,57.5167,73.78,88,40,11.5
82,Mahebourg,MU,2022-05-16 02:59:05,-20.4081,57.7,73.69,88,40,11.5
83,Kaitangata,NZ,2022-05-16 02:59:06,-46.2817,169.8464,58.06,63,2,2.44
84,Suba,PH,2022-05-16 02:59:06,10.8438,121.0102,83.64,66,100,1.95
85,New Norfolk,AU,2022-05-16 02:59:07,-42.7826,147.0587,53.92,65,32,5.01
86,Zapolyarnyy,RU,2022-05-16 02:59:07,69.4154,30.8136,36.68,85,100,7.7
87,Kardla,EE,2022-05-16 02:59:08,58.9978,22.7492,44.06,75,7,14.52
88,Ribeira Grande,PT,2022-05-16 02:58:32,38.5167,-28.7,57.36,72,18,38.5
89,Kodinsk,RU,2022-05-16 02:59:09,58.6881,99.1844,73.71,25,66,0.54
90,Faya,SA,2022-05-16 03:00:15,18.3851,42.4509,62.4,12,4,5.82
91,Maniitsoq,GL,2022-05-16 03:00:22,65.4167,-52.9,31.57,57,7,6.58
92,Poum,NC,2022-05-16 03:00:29,-20.2333,164.0167,78.67,72,51,16.64
93,Leningradskiy,RU,2022-05-16 03:00:36,69.3833,178.4167,27.77,77,98,6.53
94,Dikson,RU,2022-05-16 03:00:36,73.5069,80.5464,34.57,99,100,12.59
95,Dudinka,RU,2022-05-16 03:00:39,69.4058,86.1778,45.63,98,100,5.37
96,Kaka,TM,2022-05-16 03:00:43,37.3482,59.6143,78.06,25,6,3.74
97,Bengkulu,ID,2022-05-16 03:00:43,-3.8004,102.2655,79.54,83,89,1.48
98,Klaksvik,FO,2022-05-16 03:00:44,62.2266,-6.589,49.12,97,61,12.82
99,Saint George,US,2022-05-16 02:55:49,37.1041,-113.5841,91.99,4,0,13.8
100,Severo-Yeniseyskiy,RU,2022-05-16 03:00:45,60.3725,93.0408,55.85,74,100,6.08
101,Port-Gentil,GA,2022-05-16 03:00:45,-0.7193,8.7815,80.37,86,85,9.44
102,Yulara,AU,2022-05-16 03:00:46,-25.2406,130.9889,71.58,28,60,13.0
103,Trorod,DK,2022-05-16 03:00:46,55.8395,12.5443,48.02,95,94,4.32
104,Hurricane,US,2022-05-16 03:00:47,37.1753,-113.2899,86.47,7,95,6.78
105,Qaanaaq,GL,2022-05-16 03:00:47,77.484,-69.3632,18.21,75,87,6.04
106,Khanu Woralaksaburi,TH,2022-05-16 03:00:48,16.0617,99.8606,91.87,51,97,3.8
107,Soyo,AO,2022-05-16 03:00:48,-6.1349,12.3689,76.69,90,80,6.67
108,Jiwani,PK,2022-05-16 03:00:49,25.05,61.7417,82.99,68,0,1.36
109,Itaituba,BR,2022-05-16 03:00:49,-4.2761,-55.9836,74.64,99,100,2.33
110,Cedar Rapids,US,2022-05-16 02:56:05,42.0083,-91.6441,62.71,73,39,5.01
111,San Quintin,MX,2022-05-16 03:00:50,30.4833,-115.95,60.31,91,6,10.78
112,Kavieng,PG,2022-05-16 03:00:50,-2.5744,150.7967,83.79,67,100,1.86
113,Saint-Philippe,RE,2022-05-16 03:00:51,-21.3585,55.7679,69.39,88,80,12.71
114,Port Elizabeth,ZA,2022-05-16 02:59:24,-33.918,25.5701,55.31,96,0,2.3
115,Hithadhoo,MV,2022-05-16 03:00:35,-0.6,73.0833,82.96,75,100,11.81
116,Warri,NG,2022-05-16 03:00:52,5.5167,5.75,76.48,95,93,2.28
117,Broome,US,2022-05-16 03:00:52,42.2506,-75.833,65.61,87,60,1.99
118,Mozarlandia,BR,2022-05-16 03:00:52,-14.7447,-50.5706,75.33,54,6,4.18
119,Cabo San Lucas,MX,2022-05-16 02:56:15,22.8909,-109.9124,82.18,54,89,13.0
120,Cayenne,GF,2022-05-16 03:00:53,4.9333,-52.3333,82.09,1,75,3.0
121,Satellite Beach,US,2022-05-16 02:56:13,28.1761,-80.5901,81.0,83,20,9.22
122,Jimma,ET,2022-05-16 03:00:54,7.6667,36.8333,58.32,95,93,1.52
123,East London,ZA,2022-05-16 03:00:54,-33.0153,27.9116,60.48,81,0,6.98
124,Haines Junction,CA,2022-05-16 03:00:55,60.7522,-137.5108,42.94,72,88,0.54
125,Saint Anthony,US,2022-05-16 03:00:55,45.0205,-93.218,64.65,46,20,8.05
126,Bluff,NZ,2022-05-16 03:00:49,-46.6,168.3333,61.81,66,10,7.31
127,Acari,PE,2022-05-16 03:00:56,-15.4311,-74.6158,67.71,67,25,1.95
128,Qaqortoq,GL,2022-05-16 03:00:56,60.7167,-46.0333,31.44,73,56,4.0
129,Constitucion,CL,2022-05-16 03:00:57,-35.3333,-72.4167,55.71,56,85,3.27
130,Vaini,TO,2022-05-16 03:00:38,-21.2,-175.2,74.52,64,55,13.38
131,Porto Novo,BJ,2022-05-16 03:00:38,6.4965,2.6036,79.34,87,99,5.08
132,Sarakhs,IR,2022-05-16 03:00:58,36.5449,61.1577,77.34,21,0,5.53
133,Pangnirtung,CA,2022-05-16 03:00:58,66.1451,-65.7125,14.11,84,30,6.89
134,Sangar,RU,2022-05-16 03:00:59,63.9242,127.4739,39.13,74,100,4.43
135,Abu Samrah,SY,2022-05-16 03:00:59,35.3029,37.1841,60.24,78,0,13.87
136,Venice,US,2022-05-16 03:01:00,27.0998,-82.4543,78.82,78,20,8.05
137,Koslan,RU,2022-05-16 03:02:00,63.4564,48.8989,47.55,86,98,5.82
138,Quesnel,CA,2022-05-16 03:02:01,52.9999,-122.5029,53.1,67,100,10.11
139,Waddan,LY,2022-05-16 03:02:01,29.1614,16.139,69.37,24,0,7.38
140,Tasiilaq,GL,2022-05-16 03:02:02,65.6145,-37.6368,33.96,96,100,7.16
141,Port Lincoln,AU,2022-05-16 03:01:44,-34.7333,135.8667,61.3,57,89,18.79
142,Hoshangabad,IN,2022-05-16 03:02:03,22.75,77.7167,97.05,19,21,8.72
143,Pangai,TO,2022-05-16 03:02:03,-19.8,-174.35,75.97,66,73,15.79
144,Whitehorse,CA,2022-05-16 02:59:30,60.7161,-135.0538,50.77,38,75,11.5
145,Ambatondrazaka,MG,2022-05-16 03:02:04,-17.8333,48.4167,54.61,97,5,3.44
146,Mangrol,IN,2022-05-16 03:02:04,21.1167,70.1167,85.21,70,0,12.28
147,Pasinler,TR,2022-05-16 03:02:05,39.9803,41.6764,41.99,90,100,2.66
148,Berlevag,NO,2022-05-16 03:02:05,70.8578,29.0864,37.35,81,100,8.05
149,Mar Del Plata,AR,2022-05-16 02:59:11,-38.0023,-57.5575,53.94,80,40,14.97
150,Norman Wells,CA,2022-05-16 03:02:06,65.282,-126.8329,52.86,60,56,11.54
151,Vallenar,CL,2022-05-16 03:02:06,-28.5708,-70.7581,56.73,63,0,1.16
152,Hilo,US,2022-05-16 03:01:05,19.7297,-155.09,79.29,96,52,5.01
153,Mezen,RU,2022-05-16 03:02:07,65.8522,44.24,37.67,74,95,9.46
154,Ixtapa,MX,2022-05-16 03:02:07,20.7,-105.2,79.23,74,70,1.28
155,Coquimbo,CL,2022-05-16 02:58:38,-29.9533,-71.3436,56.93,82,100,2.3
156,Tuatapere,NZ,2022-05-16 03:02:08,-46.1333,167.6833,60.24,63,6,5.37
157,Hambantota,LK,2022-05-16 03:02:09,6.1241,81.1185,80.94,100,20,10.36
158,Eureka,US,2022-05-16 03:00:26,40.8021,-124.1637,60.21,84,24,5.99
159,Iracoubo,GF,2022-05-16 03:02:09,5.4802,-53.2011,77.88,92,100,9.19
160,Vestmannaeyjar,IS,2022-05-16 03:02:10,63.4427,-20.2734,48.34,92,100,20.22
161,Hukuntsi,BW,2022-05-16 03:02:10,-24.0,21.75,61.41,36,77,10.71
162,Ahipara,NZ,2022-05-16 03:02:11,-35.1667,173.1667,67.59,82,12,11.7
163,Victoria,HK,2022-05-16 02:58:59,22.2855,114.1577,68.25,92,100,1.99
164,Limbang,MY,2022-05-16 03:02:11,4.75,115.0,87.91,57,86,2.62
165,Maniwaki,CA,2022-05-16 02:58:34,46.3834,-75.966,61.18,100,74,5.75
166,Itarema,BR,2022-05-16 03:02:12,-2.9248,-39.9167,75.69,93,48,8.97
167,Bambous Virieux,MU,2022-05-16 03:02:13,-20.3428,57.7575,75.45,83,75,9.22
168,Kichmengskiy Gorodok,RU,2022-05-16 03:02:13,59.9816,45.7854,43.88,95,100,1.48
169,Acajutla,SV,2022-05-16 03:02:14,13.5928,-89.8275,82.67,75,23,5.97
170,Qandala,SO,2022-05-16 03:02:14,11.472,49.8728,85.82,46,18,2.68
171,Esperance,AU,2022-05-16 03:02:15,-33.8667,121.9,59.72,70,99,4.88
172,Alofi,NU,2022-05-16 03:02:15,-19.0595,-169.9187,76.84,65,14,15.84
173,Grindavik,IS,2022-05-16 03:02:04,63.8424,-22.4338,48.67,100,100,18.41
174,Saint-Augustin,CA,2022-05-16 03:02:16,51.226,-58.6502,38.66,60,70,2.33
175,Tautira,PF,2022-05-16 03:02:16,-17.7333,-149.15,81.32,72,90,15.32
176,Katsuura,JP,2022-05-16 03:02:17,35.1333,140.3,60.82,95,100,8.68
177,Nueva Loja,EC,2022-05-16 03:02:17,0.0847,-76.8828,71.91,99,89,2.26
178,Lavrentiya,RU,2022-05-16 03:00:48,65.5833,-171.0,30.38,76,82,10.67
179,Najran,SA,2022-05-16 03:02:18,17.4924,44.1277,67.78,9,3,2.82
180,Sur,OM,2022-05-16 03:02:18,22.5667,59.5289,86.58,46,0,2.35
181,Kisangani,CD,2022-05-16 03:02:19,0.5167,25.2,70.18,99,89,2.15
182,Dingle,PH,2022-05-16 03:02:19,10.9995,122.6711,87.82,61,99,4.12
183,Black River,JM,2022-05-16 02:59:20,18.0264,-77.8487,79.65,79,98,2.75
184,Luderitz,NA,2022-05-16 03:03:20,-26.6481,15.1594,72.16,27,17,10.87
185,Amazar,RU,2022-05-16 03:03:21,53.858,120.875,61.45,31,91,13.11
186,Chuy,UY,2022-05-16 03:00:29,-33.6971,-53.4616,45.14,67,2,9.82
187,Jimeta,NG,2022-05-16 03:03:21,9.2833,12.4667,82.71,53,65,1.12
188,Sao Filipe,CV,2022-05-16 03:00:48,14.8961,-24.4956,74.73,76,87,7.85
189,Banjar,ID,2022-05-16 03:03:22,-8.19,114.9675,88.68,52,8,1.43
190,Mizdah,LY,2022-05-16 03:03:22,31.4451,12.9801,68.34,27,13,3.27
191,Narsaq,GL,2022-05-16 03:03:23,60.9167,-46.05,35.82,66,52,3.02
192,Catuday,PH,2022-05-16 03:03:23,16.2923,119.8062,83.8,69,99,6.35
193,Lorengau,PG,2022-05-16 03:00:13,-2.0226,147.2712,84.79,62,79,5.77
194,Kautokeino,NO,2022-05-16 03:03:24,69.0125,23.0412,33.67,84,100,25.46
195,Puerto Escondido,MX,2022-05-16 03:03:24,15.85,-97.0667,85.03,65,0,8.05
196,Mojo,ET,2022-05-16 03:03:25,8.6,39.1167,60.73,75,19,3.71
197,Halifax,CA,2022-05-16 03:03:25,44.6453,-63.5724,47.7,95,100,5.01
198,Danilovka,RU,2022-05-16 03:03:26,50.3557,44.1168,47.95,90,63,9.4
199,Itoman,JP,2022-05-16 03:02:20,26.1247,127.6694,66.22,88,75,14.97
200,Nikolskoye,RU,2022-05-16 03:03:27,59.7035,30.7861,46.87,90,100,7.78
201,Agadir,MA,2022-05-16 03:00:26,30.4202,-9.5982,63.05,87,1,4.74
202,Qasigiannguit,GL,2022-05-16 03:03:27,68.8193,-51.1922,19.65,85,14,6.13
203,Georgetown,MY,2022-05-16 03:01:50,5.4112,100.3354,84.13,79,20,5.75
204,Yeppoon,AU,2022-05-16 03:03:28,-23.1333,150.7333,80.38,74,20,8.61
205,Tuktoyaktuk,CA,2022-05-16 03:00:43,69.4541,-133.0374,36.66,92,100,5.91
206,Bairiki,KI,2022-05-16 03:03:29,1.3292,172.9752,80.94,73,2,10.92
207,Guangyuan,CN,2022-05-16 03:03:29,32.442,105.823,69.17,53,69,3.13
208,Metro,ID,2022-05-16 03:03:30,-5.1131,105.3067,82.45,70,89,10.18
209,Matehuala,MX,2022-05-16 03:03:30,23.65,-100.65,73.53,38,5,13.13
210,Srednekolymsk,RU,2022-05-16 03:03:30,67.45,153.6833,34.92,97,100,11.23
211,Mahina,PF,2022-05-16 03:03:31,-17.5065,-149.489,79.75,73,20,8.05
212,Nelson Bay,AU,2022-05-16 03:03:31,-32.7167,152.15,75.99,54,0,1.99
213,Mopti,ML,2022-05-16 03:03:32,14.6667,-4.0,85.08,8,7,7.49
214,Nanortalik,GL,2022-05-16 03:02:03,60.1432,-45.2371,30.81,83,97,6.73
215,Thompson,CA,2022-05-16 03:03:33,55.7435,-97.8558,35.76,93,100,9.22
216,Vao,NC,2022-05-16 03:02:01,-22.6667,167.4833,74.21,73,30,17.69
217,Mount Gambier,AU,2022-05-16 03:03:33,-37.8333,140.7667,55.31,71,40,19.57
218,Marawi,PH,2022-05-16 03:03:34,7.9986,124.2928,82.56,64,88,1.05
219,Cabedelo,BR,2022-05-16 03:03:34,-6.9811,-34.8339,77.58,85,99,6.06
220,Nantucket,US,2022-05-16 03:03:35,41.2835,-70.0995,55.54,98,100,10.36
221,Bubaque,GW,2022-05-16 03:03:35,11.2833,-15.8333,78.58,86,64,11.95
222,Krasnaya Gora,RU,2022-05-16 03:03:36,52.9995,31.6023,41.07,89,64,8.79
223,Altona,DE,2022-05-16 03:03:36,53.55,9.9333,49.71,80,0,4.61
224,Naranjal,EC,2022-05-16 03:03:37,-2.6667,-79.6167,74.82,91,98,3.0
225,Chifeng,CN,2022-05-16 03:03:37,42.2683,118.9636,67.03,18,37,13.85
226,Aasiaat,GL,2022-05-16 03:03:38,68.7098,-52.8699,15.35,94,31,1.61
227,Atkarsk,RU,2022-05-16 03:03:38,51.8718,45.0078,46.54,90,13,9.57
228,Myaundzha,RU,2022-05-16 03:03:39,63.0494,147.1858,34.0,99,97,4.79
229,Penhold,CA,2022-05-16 03:03:31,52.1334,-113.8687,54.36,51,100,9.51
230,Bathsheba,BB,2022-05-16 03:04:39,13.2167,-59.5167,81.21,83,40,21.85
231,Sabang,ID,2022-05-16 03:04:40,5.8933,95.3214,84.15,75,97,16.93
232,Wanaka,NZ,2022-05-16 03:04:40,-44.7,169.15,58.1,68,3,1.01
233,Pochutla,MX,2022-05-16 03:04:41,15.7432,-96.4661,83.82,67,99,6.42
234,Faanui,PF,2022-05-16 03:04:41,-16.4833,-151.75,81.01,71,22,8.61
235,Hasaki,JP,2022-05-16 03:00:44,35.7333,140.8333,57.6,94,100,16.84
236,Emerald,AU,2022-05-16 03:01:25,-23.5333,148.1667,82.35,63,0,9.4
237,Airai,TL,2022-05-16 03:04:42,-8.9266,125.4092,75.4,52,2,2.51
238,Naryan-Mar,RU,2022-05-16 03:04:43,67.6713,53.087,35.46,92,100,12.5
239,Manggar,ID,2022-05-16 03:04:43,-2.8833,108.2667,87.66,64,73,7.9
240,Khakhea,BW,2022-05-16 03:04:44,-24.6895,23.494,60.73,55,62,11.23
241,Kushiro,JP,2022-05-16 03:04:44,42.975,144.3747,51.49,72,49,16.35
242,Nishihara,JP,2022-05-16 03:04:44,26.1842,127.7558,65.48,94,100,14.97
243,Ilulissat,GL,2022-05-16 03:04:45,69.2167,-51.1,19.42,63,19,5.75
244,Codrington,AU,2022-05-16 03:04:45,-38.2667,141.9667,57.56,59,97,17.0
245,Beloha,MG,2022-05-16 03:04:46,-25.1667,45.05,66.2,86,0,11.88
246,Ardabil,IR,2022-05-16 03:04:46,38.2498,48.2933,59.86,63,30,3.6
247,Biak,ID,2022-05-16 03:04:47,-0.9131,122.8766,82.29,78,48,2.51
248,Sao Miguel Do Araguaia,BR,2022-05-16 03:04:47,-13.275,-50.1628,76.55,63,56,1.72
249,Shirokiy,RU,2022-05-16 03:04:48,49.758,129.523,49.73,34,63,12.3
250,Forrest City,US,2022-05-16 03:04:49,35.0081,-90.7898,67.05,80,96,6.6
251,Hondo,JP,2022-05-16 03:04:49,32.45,130.2,65.07,58,100,3.56
252,Asau,RO,2022-05-16 03:04:49,46.4333,26.4,50.95,100,76,1.72
253,Upernavik,GL,2022-05-16 03:04:45,72.7868,-56.1549,6.1,92,32,6.08
254,Flinders,AU,2022-05-16 03:04:50,-34.5833,150.8552,76.05,52,0,11.99
255,Kendari,ID,2022-05-16 03:04:51,-3.945,122.4989,85.53,73,20,3.94
256,Gatesville,US,2022-05-16 03:04:51,31.4352,-97.7439,85.3,47,0,5.75
257,Okato,NZ,2022-05-16 03:04:52,-39.2,173.8833,64.9,89,91,10.13
258,Oistins,BB,2022-05-16 03:04:52,13.0667,-59.5333,80.69,83,40,21.85
259,Shimoda,JP,2022-05-16 03:01:42,34.6667,138.95,58.1,92,100,11.12
260,Herouville-Saint-Clair,FR,2022-05-16 03:04:53,49.2109,-0.3065,62.42,88,100,11.5
261,Guerrero Negro,MX,2022-05-16 03:04:53,27.9769,-114.0611,62.2,85,79,14.81
262,Rethimnon,GR,2022-05-16 03:04:54,35.3647,24.4714,65.82,61,0,1.19
263,San Jose,US,2022-05-16 03:02:17,37.3394,-121.895,66.06,57,75,14.97
264,Asyut,EG,2022-05-16 03:04:54,27.181,31.1837,72.66,39,100,14.41
265,Mogadishu,SO,2022-05-16 03:04:55,2.0371,45.3438,80.08,85,7,15.03
266,Palmer,US,2022-05-16 03:04:55,42.1584,-72.3287,66.96,87,100,3.44
267,Kaduna,NG,2022-05-16 03:03:57,10.5222,7.4383,75.69,69,51,5.03
268,Christchurch,NZ,2022-05-16 03:04:42,-43.5333,172.6333,58.91,95,100,12.66
269,Wajir,KE,2022-05-16 03:04:56,1.7471,40.0573,76.17,74,100,12.59
270,Chester,US,2022-05-16 03:04:57,40.1254,-75.8749,67.78,94,0,1.99
271,Brainerd,US,2022-05-16 03:05:01,46.358,-94.2008,64.42,34,0,8.05
272,Port Macquarie,AU,2022-05-16 03:03:18,-31.4333,152.9167,72.9,69,99,6.53
273,Dunedin,NZ,2022-05-16 03:03:22,-45.8742,170.5036,60.8,63,2,4.0
274,Furano,JP,2022-05-16 03:05:02,43.2818,142.4743,59.47,39,0,11.18
275,Luwingu,ZM,2022-05-16 03:05:03,-10.2621,29.9271,52.3,91,6,4.52
276,Slavyanka,RU,2022-05-16 03:06:03,42.8633,131.3847,57.27,59,90,9.44
277,Tiksi,RU,2022-05-16 03:04:49,71.6872,128.8694,20.84,87,90,8.77
278,Katav-Ivanovsk,RU,2022-05-16 03:06:04,54.7531,58.1956,51.04,83,100,2.68
279,Kayes,ML,2022-05-16 03:06:05,14.0,-11.0,89.15,8,39,7.76
280,Benjamin Constant,BR,2022-05-16 03:06:05,-4.3831,-70.0311,75.33,99,100,0.67
281,Palembang,ID,2022-05-16 03:06:06,-2.9167,104.7458,87.89,66,20,10.36
282,Oktyabrskiy,RU,2022-05-16 03:06:06,54.4815,53.471,50.02,92,100,9.33
283,Severo-Kurilsk,RU,2022-05-16 03:06:07,50.6789,156.125,36.27,98,100,14.45
284,Byron Bay,AU,2022-05-16 03:06:07,-28.65,153.6167,81.72,85,30,6.22
285,Longyearbyen,SJ,2022-05-16 03:03:24,78.2186,15.6401,30.04,80,75,2.3
286,Sao Joao Da Barra,BR,2022-05-16 03:04:44,-21.6403,-41.0511,71.53,85,24,10.71
287,Kapoeta,SS,2022-05-16 03:06:08,4.7717,33.5903,74.03,63,55,1.32
288,Lesnoy,RU,2022-05-16 03:06:08,57.6198,63.0784,55.22,64,58,1.59
289,Praia Da Vitoria,PT,2022-05-16 03:06:09,38.7333,-27.0667,58.75,82,34,41.23
290,Notre-Dame-Du-Lac,CA,2022-05-16 03:06:09,47.6136,-68.7964,52.88,90,100,9.42
291,Keffi,NG,2022-05-16 03:00:20,8.8486,7.8736,78.13,73,28,0.87
292,Lavumisa,SZ,2022-05-16 03:06:10,-27.31,31.892,59.79,95,3,3.33
293,Berdigestyakh,RU,2022-05-16 03:06:10,62.0989,126.6992,39.72,62,90,7.76
294,Waipawa,NZ,2022-05-16 03:04:35,-41.4122,175.5153,56.89,94,98,4.65
295,Rapid City,US,2022-05-16 03:02:00,44.0805,-103.231,60.69,54,0,6.91
296,Richards Bay,ZA,2022-05-16 03:06:11,-28.783,32.0377,65.64,85,63,2.44
297,Menongue,AO,2022-05-16 03:06:12,-14.6585,17.691,58.3,59,48,6.26
298,Clyde River,CA,2022-05-16 03:03:15,70.4692,-68.5914,14.22,86,28,3.15
299,Cascais,PT,2022-05-16 03:06:13,38.6979,-9.4215,65.97,77,86,15.99
300,General Higinio Morinigo,PY,2022-05-16 03:06:13,-25.95,-55.9167,52.79,95,15,6.22
301,Estelle,US,2022-05-16 03:06:14,29.8458,-90.1067,82.38,77,0,5.75
302,Rangapara,IN,2022-05-16 03:06:14,26.8167,92.65,75.81,94,94,5.91
303,Rio Grande,BR,2022-05-16 03:06:15,-32.035,-52.0986,48.94,69,4,16.26
304,Semirara,PH,2022-05-16 03:06:15,12.0697,121.3986,82.92,73,100,3.62
305,Petropavlovsk-Kamchatskiy,RU,2022-05-16 03:06:15,53.0452,158.6483,37.99,93,100,15.66
306,Kodinar,IN,2022-05-16 03:06:16,20.7903,70.7031,85.87,67,0,11.61
307,College,US,2022-05-16 03:04:02,64.8569,-147.8028,48.29,55,75,16.11
308,Herat,AF,2022-05-16 03:06:17,34.5,62.0,66.42,36,0,6.87
309,Haverfordwest,GB,2022-05-16 03:05:22,51.8017,-4.9691,56.05,95,99,1.01
310,Nong Kung Si,TH,2022-05-16 03:06:17,16.65,103.3,82.56,99,97,11.52
311,Carnarvon,AU,2022-05-16 03:06:18,-24.8667,113.6333,72.66,29,0,6.08
312,Piet Retief,ZA,2022-05-16 03:06:18,-27.0071,30.8132,48.54,97,37,1.88
313,Nuuk,GL,2022-05-16 03:06:19,64.1835,-51.7216,29.88,58,0,11.01
314,Mocsa,HU,2022-05-16 03:06:19,47.67,18.185,57.85,70,0,2.93
315,Mendi,PG,2022-05-16 03:06:20,-6.1761,143.6513,69.15,64,25,5.68
316,Ipatinga,BR,2022-05-16 03:06:20,-19.4683,-42.5367,66.33,95,44,2.66
317,Bereda,ES,2022-05-16 03:06:21,43.2686,-7.5406,60.42,66,100,8.52
318,Rawson,AR,2022-05-16 03:06:21,-43.3002,-65.1023,49.19,73,36,8.72
319,Zhucheng,CN,2022-05-16 03:06:22,35.9947,119.3975,81.54,13,0,11.52
320,Dwarka,IN,2022-05-16 03:03:01,22.2394,68.9678,84.34,69,0,16.73
321,Manoel Urbano,BR,2022-05-16 03:06:22,-8.8389,-69.2597,73.17,99,94,1.86
322,Padang,ID,2022-05-16 03:07:16,-0.9492,100.3543,78.85,73,71,3.27
323,Half Moon Bay,US,2022-05-16 03:07:23,37.4636,-122.4286,64.45,80,100,26.46
324,Maragheh,IR,2022-05-16 03:07:24,37.3917,46.2398,63.32,45,3,6.8
325,Viedma,AR,2022-05-16 03:07:24,-40.8135,-62.9967,52.34,74,100,16.4
326,Muros,ES,2022-05-16 03:07:24,42.7762,-9.0603,62.17,88,97,11.41
327,Idlib,SY,2022-05-16 03:07:25,35.9306,36.6339,59.2,83,0,11.18
328,Saint-Denis,FR,2022-05-16 03:07:25,48.9167,2.3333,63.37,89,0,10.36
329,Aklavik,CA,2022-05-16 03:07:26,68.2191,-135.0107,32.11,98,100,8.93
330,Chokurdakh,RU,2022-05-16 03:05:52,70.6333,147.9167,22.26,82,100,13.94
331,Puerto Leguizamo,CO,2022-05-16 03:07:27,-0.1934,-74.7819,72.14,98,74,1.88
332,Homer,US,2022-05-16 03:07:27,59.6425,-151.5483,49.77,65,40,10.36
333,Bria,CF,2022-05-16 03:07:28,6.5423,21.9863,68.63,83,29,2.66
334,Adrar,MR,2022-05-16 03:07:28,20.5022,-10.0711,83.34,13,11,9.93
335,Sechura,PE,2022-05-16 03:07:29,-5.5569,-80.8222,66.9,78,78,14.36
336,Gravdal,NO,2022-05-16 03:07:29,68.1214,13.5031,37.29,60,75,19.57
337,Salalah,OM,2022-05-16 03:07:21,17.0151,54.0924,79.93,55,6,2.55
338,Udalguri,IN,2022-05-16 03:07:30,26.7667,92.1333,75.22,94,100,4.36
339,Taltal,CL,2022-05-16 03:01:52,-25.4,-70.4833,59.56,78,100,3.33
340,Vanavara,RU,2022-05-16 03:07:30,60.34,102.2797,68.79,28,2,3.67
341,Morlaix,FR,2022-05-16 03:07:31,48.5833,-4.0,59.32,94,100,13.8
342,Benguela,AO,2022-05-16 03:07:31,-12.5763,13.4055,74.91,78,46,3.04
343,Marienburg,PL,2022-05-16 03:07:32,54.0359,19.0266,46.11,90,95,4.63
344,Tilichiki,RU,2022-05-16 03:02:01,60.4667,166.1,36.93,88,100,9.24
345,Gebre Guracha,ET,2022-05-16 03:07:32,9.8,38.4,54.0,29,9,3.31
346,Ziro,IN,2022-05-16 03:07:33,27.6333,93.8333,58.87,99,100,2.1
347,Batemans Bay,AU,2022-05-16 03:06:06,-35.7167,150.1833,72.05,42,0,4.56
348,Rocky Mountain House,CA,2022-05-16 03:07:34,52.3668,-114.9188,51.75,59,100,5.53
349,San Juan De Colon,VE,2022-05-16 03:07:34,8.0313,-72.2605,72.99,89,96,5.1
350,Manthani,IN,2022-05-16 03:07:39,18.65,79.6667,92.17,52,20,11.43
351,Port Hardy,CA,2022-05-16 03:02:02,50.6996,-127.4199,47.73,96,100,11.56
352,Kenai,US,2022-05-16 03:07:39,60.5544,-151.2583,55.49,37,0,13.8
353,Kawalu,ID,2022-05-16 03:00:50,-7.3817,108.2082,85.28,65,55,3.22
354,Rutland,US,2022-05-16 03:03:37,43.6167,-73.0162,66.25,98,75,5.99
355,Sambava,MG,2022-05-16 03:07:40,-14.2667,50.1667,71.11,78,20,9.6
356,Tromso,NO,2022-05-16 03:06:18,69.6496,18.957,36.37,80,75,6.91
357,Kuhdasht,IR,2022-05-16 03:07:41,33.535,47.6061,70.65,33,7,4.25
358,Riyadh,SA,2022-05-16 03:03:23,24.6877,46.7219,79.09,10,0,6.49
359,Laguna,US,2022-05-16 03:02:11,38.421,-121.4238,79.45,53,0,12.66
360,Zhangye,CN,2022-05-16 03:07:41,38.9342,100.4517,65.59,9,0,2.59
361,Cockburn Town,TC,2022-05-16 03:07:42,21.4612,-71.1419,78.87,84,100,21.47
362,Bogdana,RO,2022-05-16 03:07:42,43.9333,25.0833,58.06,91,23,1.03
363,Pisco,PE,2022-05-16 03:00:46,-13.7,-76.2167,62.02,89,7,1.01
364,Paso De Carrasco,UY,2022-05-16 03:07:43,-34.8603,-56.0522,51.94,82,75,12.66
365,Summerside,CA,2022-05-16 03:07:44,46.3959,-63.7876,49.1,89,100,10.78
366,Miri,MY,2022-05-16 03:07:44,4.4148,114.0089,86.79,68,36,1.28
367,Areia Branca,BR,2022-05-16 03:07:44,-4.9561,-37.1369,76.64,89,100,11.99
368,Ikare,NG,2022-05-16 03:07:45,7.4913,5.2322,71.31,98,94,2.28
369,Meulaboh,ID,2022-05-16 03:08:45,4.1363,96.1285,83.16,73,100,2.64
370,Livramento,BR,2022-05-16 03:08:46,-3.0254,-60.1803,79.47,94,75,2.3
371,Cuenca,EC,2022-05-16 03:08:46,-2.8833,-78.9833,54.03,96,100,0.29
372,Avera,US,2022-05-16 03:08:35,33.194,-82.5271,74.55,82,74,7.61
373,Rio Gallegos,AR,2022-05-16 03:08:47,-51.6226,-69.2181,44.29,76,100,17.31
374,Mukhen,RU,2022-05-16 03:08:48,48.1,136.1,54.27,47,92,10.36
375,Nara,JP,2022-05-16 03:05:58,34.6851,135.8049,66.7,49,100,1.54
376,Cooma,AU,2022-05-16 03:08:48,-36.2333,149.1333,59.9,41,0,12.82
377,Hare Bay,CA,2022-05-16 03:08:49,48.8499,-54.0148,31.19,94,16,3.0
378,Kahului,US,2022-05-16 03:02:07,20.8947,-156.47,80.96,76,65,10.0
379,Latina,IT,2022-05-16 03:08:50,41.45,13.1,62.69,84,62,1.99
380,Colac,AU,2022-05-16 03:08:50,-38.3333,143.5833,56.17,71,93,12.77
381,Vardo,NO,2022-05-16 03:02:08,70.3705,31.1107,37.38,75,100,12.66
382,Flin Flon,CA,2022-05-16 03:08:51,54.7682,-101.865,33.26,97,100,7.65
383,Zemio,CF,2022-05-16 03:08:51,5.0314,25.1361,69.37,98,100,1.68
384,Kolvereid,NO,2022-05-16 03:08:52,64.8655,11.6047,39.58,71,100,17.47
385,Zheleznodorozhnyy,RU,2022-05-16 03:08:52,55.7503,38.0042,48.38,82,96,10.71
386,Balkanabat,TM,2022-05-16 03:08:53,39.5108,54.3671,74.19,33,42,2.04
387,Bara,NG,2022-05-16 03:08:53,10.3744,10.7288,81.88,60,47,3.53
388,Hualmay,PE,2022-05-16 03:05:54,-11.0964,-77.6139,63.37,84,13,8.14
389,Quatre Cocos,MU,2022-05-16 03:08:54,-20.2078,57.7625,75.31,83,39,14.03
390,Tual,ID,2022-05-16 03:05:59,-5.6667,132.75,82.92,73,76,9.75
391,Broken Hill,AU,2022-05-16 03:08:55,-31.95,141.4333,65.41,49,1,10.04
392,Uddevalla,SE,2022-05-16 03:08:55,58.3478,11.9424,48.56,91,100,8.57
393,Fairbanks,US,2022-05-16 03:08:56,64.8378,-147.7164,48.31,55,75,16.11
394,Cauquenes,CL,2022-05-16 03:08:56,-35.9671,-72.3225,53.26,50,100,1.7
395,Namibe,AO,2022-05-16 03:08:57,-15.1961,12.1522,70.65,62,7,7.27
396,Manyava,UA,2022-05-16 03:08:57,48.6554,24.3754,45.07,92,28,3.36
397,Buritizeiro,BR,2022-05-16 03:08:58,-17.3511,-44.9622,67.59,84,66,1.36
398,Korla,CN,2022-05-16 03:08:58,41.7597,86.1469,76.21,13,100,3.94
399,Ancud,CL,2022-05-16 03:08:59,-41.8697,-73.8203,46.4,80,100,9.26
400,Shambu,ET,2022-05-16 03:09:21,9.5667,37.1,52.23,82,35,1.66
401,Camana,PE,2022-05-16 03:07:27,-16.6228,-72.7111,64.04,89,17,6.42
402,Santa Maria,BR,2022-05-16 03:09:21,-29.6842,-53.8069,47.3,92,6,5.19
403,Awbari,LY,2022-05-16 03:09:22,26.5921,12.7805,67.75,18,0,5.79
404,Lima,PE,2022-05-16 03:05:36,-12.0432,-77.0282,63.9,80,46,10.36
405,Bethel,US,2022-05-16 03:03:17,41.3712,-73.414,66.29,90,75,4.61
406,Grand Gaube,MU,2022-05-16 03:09:22,-20.0064,57.6608,75.6,89,32,5.01
407,Hohhot,CN,2022-05-16 03:09:23,40.8106,111.6522,66.56,14,8,7.58
408,Kosa,RU,2022-05-16 03:09:23,59.9445,54.9977,50.29,75,91,4.29
409,Saldanha,ZA,2022-05-16 03:04:51,-33.0117,17.9442,61.7,41,1,8.59
410,Talara,PE,2022-05-16 03:09:24,-4.5772,-81.2719,67.62,81,89,16.06
411,Fort Nelson,CA,2022-05-16 03:03:18,58.8053,-122.7002,55.13,53,64,4.52
412,Mandalgovi,MN,2022-05-16 03:08:10,45.7625,106.2708,64.06,12,48,5.03
413,Champerico,GT,2022-05-16 03:09:25,14.3,-91.9167,84.83,70,100,5.46
414,Lukovetskiy,RU,2022-05-16 03:09:25,64.2956,41.9211,42.1,79,29,7.99
415,George Town,MY,2022-05-16 03:07:09,5.4112,100.3354,84.13,79,20,5.75
416,Chicama,PE,2022-05-16 03:06:02,-7.8447,-79.1469,61.34,75,68,7.14
417,Rosarito,MX,2022-05-16 03:10:30,32.3333,-117.0333,62.1,84,36,5.08
418,Bucerias,MX,2022-05-16 03:10:30,20.75,-105.3333,79.99,78,20,0.0
419,Port Blair,IN,2022-05-16 03:10:31,11.6667,92.75,80.64,94,75,0.0
420,Manicore,BR,2022-05-16 03:10:31,-5.8092,-61.3003,74.66,99,100,2.21
421,Launceston,AU,2022-05-16 03:10:32,-41.45,147.1667,56.84,57,11,25.32
422,Conakry,GN,2022-05-16 03:10:32,9.538,-13.6773,80.96,88,53,5.48
423,Tsabong,BW,2022-05-16 03:10:33,-26.0217,22.401,62.1,42,49,11.03
424,Puqi,CN,2022-05-16 03:10:33,29.7167,113.8833,71.85,50,2,3.6
425,Tahoua,NE,2022-05-16 03:10:34,14.8888,5.2692,79.56,23,26,3.6
426,La Ronge,CA,2022-05-16 03:10:34,55.1001,-105.2842,39.15,73,96,7.61
427,Kluczbork,PL,2022-05-16 03:10:35,50.9728,18.2182,48.97,81,3,1.23
428,Valparai,IN,2022-05-16 03:10:35,10.3667,76.9667,67.41,90,100,4.81
429,Altenburg,DE,2022-05-16 03:10:36,50.9833,12.45,51.73,88,22,1.14
430,Karratha,AU,2022-05-16 03:10:01,-20.7377,116.8463,82.74,30,11,16.62
431,Husavik,IS,2022-05-16 03:10:36,66.0449,-17.3389,44.69,83,53,7.14
432,Nome,US,2022-05-16 03:09:55,64.5011,-165.4064,46.47,53,0,6.91
433,Luena,AO,2022-05-16 03:02:10,-11.7833,19.9167,53.11,70,0,5.01
434,Wynyard,AU,2022-05-16 03:10:37,-41.0,145.7167,53.98,65,14,16.67
435,Kavaratti,IN,2022-05-16 03:10:38,10.5669,72.642,80.04,83,100,17.22
436,Henties Bay,NA,2022-05-16 03:10:38,-22.116,14.2845,61.93,66,3,6.29
437,Monrovia,LR,2022-05-16 03:10:39,6.3005,-10.7969,80.37,86,100,8.34
438,Janauba,BR,2022-05-16 03:10:39,-15.8025,-43.3089,70.25,71,37,4.25
439,Lady Lake,US,2022-05-16 03:08:58,28.9175,-81.9229,71.15,90,40,3.44
440,Gat,IL,2022-05-16 03:10:40,31.61,34.7642,64.4,84,46,2.91
441,Beira,MZ,2022-05-16 03:10:40,-19.8436,34.8389,68.31,85,18,10.2
442,Kroya,ID,2022-05-16 03:10:41,-7.6331,109.2461,85.68,70,40,2.93
443,Ramanuj Ganj,IN,2022-05-16 03:10:41,23.8,83.7,101.14,21,71,13.71
444,Lerwick,GB,2022-05-16 03:10:42,60.1545,-1.1494,46.4,90,69,11.39
445,Cwmbran,GB,2022-05-16 03:10:42,51.6545,-3.0228,59.92,90,100,3.22
446,Olavarria,AR,2022-05-16 03:10:43,-36.8927,-60.3225,49.01,91,99,17.65
447,Ginda,IN,2022-05-16 03:10:44,30.6945,78.4932,81.55,14,2,4.76
448,Kaabong,UG,2022-05-16 03:10:44,3.4836,34.1492,65.12,65,44,11.92
449,Hutang,CN,2022-05-16 03:10:45,31.5333,119.4833,75.72,33,12,7.0
450,Los Llanos De Aridane,ES,2022-05-16 03:00:52,28.6585,-17.9182,64.15,85,75,6.91
451,Kutahya,TR,2022-05-16 03:10:45,39.4242,29.9833,50.88,82,7,1.3
452,Xai-Xai,MZ,2022-05-16 03:10:46,-25.0519,33.6442,67.1,88,26,5.79
453,Vostok,RU,2022-05-16 03:10:47,46.4856,135.8833,50.52,48,92,11.7
454,Ola,RU,2022-05-16 03:10:47,59.5833,151.2833,43.14,86,90,25.28
455,Berezanka,UA,2022-05-16 03:10:48,46.8526,31.388,52.7,75,3,7.05
456,Ulaanbaatar,MN,2022-05-16 03:10:27,47.9077,106.8832,66.33,15,0,2.24
457,Freeport,US,2022-05-16 03:08:56,40.6576,-73.5832,68.16,82,75,3.44
458,Pionerskiy,RU,2022-05-16 03:10:48,54.9508,20.2275,35.44,72,12,7.78
459,Deputatskiy,RU,2022-05-16 03:10:49,69.3,139.9,21.67,93,100,16.75
460,Kruisfontein,ZA,2022-05-16 03:06:00,-34.0033,24.7314,54.93,65,0,6.53
461,Jumla,NP,2022-05-16 03:11:50,29.2747,82.1838,69.12,31,0,4.23
462,Ursulo Galvan,MX,2022-05-16 03:11:51,22.7333,-98.3,81.7,70,0,8.1
463,Narwar,IN,2022-05-16 03:11:51,25.65,77.9,95.9,12,77,16.62
464,Ajaccio,FR,2022-05-16 03:11:52,42.0,8.9167,53.65,77,0,6.91
465,Krasnokamensk,RU,2022-05-16 03:11:52,50.0979,118.0369,62.51,20,28,12.55
466,Hue,VN,2022-05-16 03:11:52,16.4667,107.6,77.11,94,75,11.5
467,Banda Aceh,ID,2022-05-16 03:11:08,5.5577,95.3222,86.16,68,95,11.68
468,Hofn,IS,2022-05-16 03:04:48,64.2539,-15.2082,48.09,88,94,4.36
469,Ruwi,OM,2022-05-16 03:11:56,23.5996,58.5507,86.99,45,0,10.31
470,Tocopilla,CL,2022-05-16 03:11:57,-22.092,-70.1979,64.54,63,96,4.85
471,Alepe,CI,2022-05-16 03:11:57,5.5004,-3.6631,75.38,97,96,1.77
472,Tyrma,RU,2022-05-16 03:11:57,50.0833,132.1667,50.77,24,98,10.13
473,Anadyr,RU,2022-05-16 03:11:58,64.75,177.4833,41.5,44,0,20.13
474,Bad Hofgastein,AT,2022-05-16 03:11:59,47.1667,13.1,57.13,91,100,1.01
475,Callaway,US,2022-05-16 03:12:00,30.153,-85.5699,75.13,87,0,4.61
476,Darhan,MN,2022-05-16 03:12:00,49.4867,105.9228,73.49,15,38,9.69
477,Alamosa,US,2022-05-16 03:12:01,37.4695,-105.87,66.18,20,0,11.5
478,Boone,US,2022-05-16 03:12:01,39.0334,-92.3335,63.45,91,12,5.97
479,Kayerkan,RU,2022-05-16 03:12:02,69.3497,87.7602,46.53,56,100,6.64
480,Nizhniy Ingash,RU,2022-05-16 03:12:02,56.2,96.53,71.37,45,96,10.49
481,Kedrovyy,RU,2022-05-16 03:12:03,56.1667,91.8167,63.01,91,100,6.38
482,Garachine,PA,2022-05-16 03:12:03,8.0647,-78.3628,78.19,91,100,2.1
483,Nava,MX,2022-05-16 03:12:04,28.4167,-100.7667,87.98,34,0,3.0
484,Bahraich,IN,2022-05-16 03:12:05,27.5833,81.6,96.6,32,6,13.67
485,Payakumbuh,ID,2022-05-16 03:12:05,-0.2202,100.6308,80.67,79,45,2.08
486,Elko,US,2022-05-16 03:12:06,41.0002,-115.5012,73.42,51,92,15.77
487,Porto Nacional,BR,2022-05-16 03:12:06,-10.7081,-48.4172,75.2,67,94,0.47
488,San Cristobal,VE,2022-05-16 03:09:48,7.7669,-72.225,71.78,95,97,3.0
489,Rantauprapat,ID,2022-05-16 03:12:07,2.1,99.8333,78.73,91,99,3.31
490,Mugur-Aksy,RU,2022-05-16 03:12:07,50.35,90.5,53.82,32,100,3.13
491,Praia,CV,2022-05-16 03:11:26,14.9215,-23.5087,79.34,44,0,27.63
492,Beatrice,US,2022-05-16 03:12:08,40.2681,-96.747,60.78,77,0,0.0
493,Niagara Falls,CA,2022-05-16 03:12:09,43.1001,-79.0663,66.87,76,0,9.22
494,Da Lat,VN,2022-05-16 03:12:09,11.9465,108.4419,67.32,90,100,2.48
495,Bonavista,CA,2022-05-16 03:07:27,48.6499,-53.1147,31.37,81,13,4.32
496,Port Augusta,AU,2022-05-16 03:12:10,-32.5,137.7667,68.0,46,13,11.92
497,Kloulklubed,PW,2022-05-16 03:08:31,7.0419,134.2556,82.9,71,13,8.14
498,Sistranda,NO,2022-05-16 03:09:53,63.7256,8.834,39.16,59,100,10.02
499,Sombrerete,MX,2022-05-16 03:12:11,23.6333,-103.65,67.17,16,0,9.62
500,Plettenberg Bay,ZA,2022-05-16 03:12:11,-34.0527,23.3716,61.03,51,0,5.1
501,Skjervoy,NO,2022-05-16 03:12:12,70.0311,20.9714,37.4,99,100,17.36
502,Diego De Almagro,CL,2022-05-16 03:13:12,-26.3667,-70.05,56.16,44,54,1.03
503,Roma,US,2022-05-16 03:08:14,43.2128,-75.4557,65.88,88,0,3.44
504,Makakilo City,US,2022-05-16 03:13:13,21.3469,-158.0858,77.32,78,100,5.75
505,Jatai,BR,2022-05-16 03:13:14,-17.8814,-51.7144,65.32,98,70,3.04
506,Ostrovnoy,RU,2022-05-16 03:08:41,68.0531,39.5131,36.19,84,26,8.03
507,Butte,US,2022-05-16 03:09:14,39.6499,-121.5677,82.42,28,0,10.36
508,Asfi,MA,2022-05-16 03:13:14,32.2994,-9.2372,62.74,83,2,8.61
509,Bulgan,MN,2022-05-16 03:13:15,48.8125,103.5347,66.13,17,9,4.32
510,Casambalangan,PH,2022-05-16 03:13:16,18.3765,122.1274,85.32,74,94,3.18
511,Tulun,RU,2022-05-16 03:13:16,54.5611,100.5792,73.04,26,96,8.9
512,Costa Rica,BR,2022-05-16 03:10:30,-23.4167,-54.65,54.52,94,1,7.81
513,San Giovanni In Fiore,IT,2022-05-16 03:13:17,39.2633,16.6996,56.07,76,73,3.44
514,Mildura,AU,2022-05-16 03:13:17,-34.2,142.15,65.07,63,4,16.93
515,Vadso,NO,2022-05-16 03:13:18,70.0744,29.7487,38.28,87,100,6.91
516,Mazamari,PE,2022-05-16 03:13:18,-11.3258,-74.5308,70.59,95,93,2.06
517,Chesma,RU,2022-05-16 03:13:19,53.8111,60.6533,51.91,81,96,8.95
518,Sioux Lookout,CA,2022-05-16 03:13:20,50.1001,-91.917,38.98,87,100,9.71
519,Auki,SB,2022-05-16 03:13:20,-8.7676,160.7034,84.79,69,23,5.97
520,Woodend,NZ,2022-05-16 03:13:21,-43.3167,172.6667,58.95,96,93,10.25
521,Port Hawkesbury,CA,2022-05-16 03:13:21,45.6169,-61.3485,47.59,96,100,7.0
522,Hanzhong,CN,2022-05-16 03:13:22,33.0728,107.0303,67.46,55,22,1.52
523,Back Mountain,US,2022-05-16 03:10:58,41.3359,-75.9963,64.35,93,79,2.24
524,Boguchany,RU,2022-05-16 03:13:23,58.3814,97.4531,71.76,35,100,4.94
525,Iralaya,HN,2022-05-16 03:11:25,15.0,-83.2333,79.2,84,28,6.8
526,Bichena,ET,2022-05-16 03:13:23,10.45,38.2,56.57,26,28,3.29
527,Kaduqli,SD,2022-05-16 03:13:24,11.0167,29.7167,80.24,61,100,5.46
528,Golkoy,TR,2022-05-16 03:13:24,40.6875,37.6178,47.61,85,100,2.48
529,Suntar,RU,2022-05-16 03:13:25,62.1444,117.6319,46.92,53,31,8.7
530,Gigmoto,PH,2022-05-16 03:08:37,13.7796,124.39,86.56,69,100,10.38
531,Dicabisagan,PH,2022-05-16 03:13:26,17.0818,122.4157,89.1,64,82,7.27
532,Odweyne,SO,2022-05-16 03:13:26,9.4092,45.064,73.18,58,9,9.82
533,Otjiwarongo,NA,2022-05-16 03:13:27,-20.4637,16.6477,58.15,32,0,16.44
534,Frolovo,RU,2022-05-16 03:13:27,49.7713,43.6622,49.39,88,99,9.93
535,Yatou,CN,2022-05-16 03:13:28,37.15,122.3833,74.98,26,2,11.05
536,Lae,PG,2022-05-16 03:13:28,-6.7221,146.9847,86.43,65,24,9.37
537,Raga,SS,2022-05-16 03:13:29,8.4596,25.678,74.03,81,100,1.16
538,Zaraza,VE,2022-05-16 03:13:29,9.3503,-65.3245,78.91,79,97,5.55
539,Paita,PE,2022-05-16 03:13:30,-5.0892,-81.1144,66.47,81,79,13.02
540,Nha Trang,VN,2022-05-16 03:13:30,12.25,109.1833,87.8,63,98,1.28
541,Ballina,AU,2022-05-16 03:13:31,-28.8667,153.5667,81.79,84,25,7.2
542,Arman,RU,2022-05-16 03:13:31,59.7,150.1667,43.02,83,99,15.3
543,Urucara,BR,2022-05-16 03:13:32,-2.5364,-57.76,74.37,99,100,2.46
544,Brookhaven,US,2022-05-16 03:10:40,31.5791,-90.4407,74.86,82,26,3.22
545,Ukiah,US,2022-05-16 03:10:03,39.1502,-123.2078,65.64,58,0,12.66
546,Arlit,NE,2022-05-16 03:10:00,18.7369,7.3853,79.0,17,0,5.64
547,Guanambi,BR,2022-05-16 03:13:33,-14.2233,-42.7814,67.91,87,94,5.93
548,Forecariah,GN,2022-05-16 03:13:33,9.4306,-13.0881,79.84,90,68,2.59
549,Hamilton,US,2022-05-16 03:04:13,39.1834,-84.5333,71.44,78,0,4.61
550,Inhambane,MZ,2022-05-16 03:06:02,-23.865,35.3833,70.09,82,55,9.75
