City_ID,City,Country,Date,Lat,Lng,Max Temp,Humidity,Cloudiness,Wind Speed,Current Description
0,Rikitea,PF,2022-05-16 04:02:24,-23.1203,-134.9692,77.49,67,61,20.04,broken clouds
1,Hermanus,ZA,2022-05-16 04:02:46,-34.4187,19.2345,57.79,56,0,9.57,clear sky
2,Nanortalik,GL,2022-05-16 04:02:55,60.1432,-45.2371,30.88,83,89,7.36,overcast clouds
3,Abu Dhabi,AE,2022-05-16 04:05:30,24.4667,54.3667,84.31,66,0,5.75,clear sky
4,Avarua,CK,2022-05-16 04:03:15,-21.2078,-159.775,76.96,68,100,8.52,overcast clouds
5,Leh,IN,2022-05-16 04:09:18,34.1667,77.5833,49.78,36,30,4.99,scattered clouds
6,Leningradskiy,RU,2022-05-16 04:09:18,69.3833,178.4167,27.82,78,99,7.47,overcast clouds
7,Sunrise Manor,US,2022-05-16 04:05:15,36.2111,-115.0731,92.39,5,75,9.22,broken clouds
8,Saint George,US,2022-05-16 04:02:49,37.1041,-113.5841,82.99,14,0,5.75,clear sky
9,Punta Arenas,CL,2022-05-16 04:02:28,-53.15,-70.9167,41.76,79,99,6.06,overcast clouds
10,Kavieng,PG,2022-05-16 04:02:34,-2.5744,150.7967,83.08,69,94,1.97,light rain
11,Dingle,PH,2022-05-16 04:04:00,10.9995,122.6711,88.83,59,99,5.35,overcast clouds
12,Conde,BR,2022-05-16 04:09:19,-7.2597,-34.9075,74.66,100,0,4.61,clear sky
13,Arraial Do Cabo,BR,2022-05-16 04:02:27,-22.9661,-42.0278,72.19,81,9,7.83,clear sky
14,Ushuaia,AR,2022-05-16 04:02:30,-54.8,-68.3,39.0,88,100,11.39,overcast clouds
15,Busselton,AU,2022-05-16 04:02:49,-33.65,115.3333,63.03,61,99,10.8,overcast clouds
16,Richards Bay,ZA,2022-05-16 04:06:27,-28.783,32.0377,65.8,84,65,2.13,broken clouds
17,Gubkin,RU,2022-05-16 04:09:20,51.2817,37.5458,47.21,83,66,13.15,broken clouds
18,Katsuura,JP,2022-05-16 04:02:53,35.1333,140.3,60.39,95,100,10.02,light rain
19,Tiszakecske,HU,2022-05-16 04:09:21,46.9326,20.1035,59.11,81,9,4.52,clear sky
20,Roma,US,2022-05-16 04:07:36,43.2128,-75.4557,64.87,89,0,0.0,clear sky
21,Mataura,NZ,2022-05-16 04:02:36,-46.1927,168.8643,61.48,73,10,2.39,clear sky
22,Chokwe,MZ,2022-05-16 04:09:22,-24.5333,32.9833,63.27,97,30,7.25,scattered clouds
23,Senanga,ZM,2022-05-16 04:09:23,-16.1167,23.2667,53.04,63,0,5.59,clear sky
24,Eatonton,US,2022-05-16 04:08:41,33.3268,-83.3885,71.01,80,69,2.57,broken clouds
25,Alakurtti,RU,2022-05-16 04:09:23,66.9672,30.3491,45.18,85,100,3.15,overcast clouds
26,Barrow,US,2022-05-16 04:02:27,71.2906,-156.7887,28.42,80,100,17.27,haze
27,Yellowknife,CA,2022-05-16 04:01:49,62.456,-114.3525,44.98,47,100,13.76,overcast clouds
28,Buin,CL,2022-05-16 04:05:44,-33.7333,-70.75,62.06,37,42,1.32,scattered clouds
29,Suez,EG,2022-05-16 04:09:24,29.9737,32.5263,64.0,72,93,8.41,overcast clouds
30,Qasigiannguit,GL,2022-05-16 04:06:16,68.8193,-51.1922,19.65,84,14,6.73,few clouds
31,Chhata,IN,2022-05-16 04:09:25,27.7167,77.5,104.23,8,47,13.38,scattered clouds
32,Hithadhoo,MV,2022-05-16 04:02:55,-0.6,73.0833,83.01,76,100,12.41,overcast clouds
33,Oistins,BB,2022-05-16 04:09:25,13.0667,-59.5333,80.69,83,75,25.32,broken clouds
34,Tautira,PF,2022-05-16 04:02:25,-17.7333,-149.15,81.27,72,77,15.55,light rain
35,Port Alfred,ZA,2022-05-16 04:03:27,-33.5906,26.891,61.54,80,0,8.59,clear sky
36,Mogadishu,SO,2022-05-16 04:09:26,2.0371,45.3438,81.01,83,5,16.2,clear sky
37,Atuona,PF,2022-05-16 04:02:26,-9.8,-139.0333,78.73,72,10,16.75,clear sky
38,San Patricio,US,2022-05-16 04:02:59,28.017,-97.5169,78.89,84,0,12.86,clear sky
39,Moron,AR,2022-05-16 04:09:27,-34.6534,-58.6198,53.96,75,92,12.71,overcast clouds
40,Georgetown,MY,2022-05-16 04:02:23,5.4112,100.3354,85.95,70,20,8.05,few clouds
41,Jamestown,US,2022-05-16 03:59:42,42.097,-79.2353,60.03,77,65,1.99,broken clouds
42,Guerrero Negro,MX,2022-05-16 04:06:31,27.9769,-114.0611,61.86,86,68,14.94,broken clouds
43,Port Macquarie,AU,2022-05-16 04:06:09,-31.4333,152.9167,72.9,71,99,5.82,overcast clouds
44,Kawambwa,ZM,2022-05-16 04:09:28,-9.7915,29.0791,56.71,78,41,7.31,scattered clouds
45,Puerto Ayora,EC,2022-05-16 04:03:31,-0.7393,-90.3518,73.54,97,79,6.17,broken clouds
46,Gat,IL,2022-05-16 04:04:53,31.61,34.7642,66.4,73,59,3.2,broken clouds
47,Vega De Alatorre,MX,2022-05-16 04:09:29,20.0333,-96.6333,77.18,80,5,7.29,clear sky
48,Brae,GB,2022-05-16 04:05:22,60.3964,-1.353,48.04,90,84,11.21,broken clouds
49,Grand Gaube,MU,2022-05-16 04:02:35,-20.0064,57.6608,77.4,88,27,4.0,scattered clouds
50,San Luis De La Paz,MX,2022-05-16 04:09:25,21.3,-100.5167,68.7,54,0,9.19,clear sky
51,Champerico,GT,2022-05-16 04:09:30,14.3,-91.9167,84.92,71,100,4.68,overcast clouds
52,Tigil,RU,2022-05-16 04:09:31,57.8,158.6667,50.29,54,100,10.31,overcast clouds
53,Hun,LY,2022-05-16 04:02:51,29.1268,15.9477,68.77,23,0,6.69,clear sky
54,Cherskiy,RU,2022-05-16 04:05:01,68.75,161.3,37.02,83,98,4.65,overcast clouds
55,Bluff,NZ,2022-05-16 04:01:12,-46.6,168.3333,61.81,71,31,6.55,scattered clouds
56,Butaritari,KI,2022-05-16 04:02:28,3.0707,172.7902,81.73,73,39,10.11,scattered clouds
57,Bondo,CD,2022-05-16 04:09:36,3.8146,23.6866,67.68,93,58,2.42,broken clouds
58,Hobart,AU,2022-05-16 04:00:28,-42.8794,147.3294,55.26,73,20,21.85,light rain
59,Provideniya,RU,2022-05-16 04:04:59,64.3833,-173.3,39.36,70,0,18.01,clear sky
60,Naila,DE,2022-05-16 04:09:37,50.3167,11.7,54.45,73,92,4.61,overcast clouds
61,Tuktoyaktuk,CA,2022-05-16 04:03:38,69.4541,-133.0374,36.48,92,100,7.09,overcast clouds
62,Pangnirtung,CA,2022-05-16 04:05:57,66.1451,-65.7125,13.82,82,28,7.07,scattered clouds
63,Namatanai,PG,2022-05-16 04:09:38,-3.6667,152.4333,84.96,63,90,4.36,overcast clouds
64,Necochea,AR,2022-05-16 04:09:25,-38.5473,-58.7368,53.01,79,93,23.4,overcast clouds
65,Cape Town,ZA,2022-05-16 03:58:36,-33.9258,18.4232,63.12,82,0,5.75,clear sky
66,Meulaboh,ID,2022-05-16 04:06:22,4.1363,96.1285,83.61,71,100,1.14,overcast clouds
67,Fortuna,US,2022-05-16 04:03:11,40.5982,-124.1573,58.93,91,100,8.05,overcast clouds
68,Moose Factory,CA,2022-05-16 04:05:29,51.2585,-80.6094,54.18,67,87,5.77,overcast clouds
69,Dhidhdhoo,MV,2022-05-16 04:09:39,6.8833,73.1,81.55,85,100,21.7,moderate rain
70,Aksay,RU,2022-05-16 04:09:40,47.26,39.87,54.25,80,23,7.0,few clouds
71,Vaini,TO,2022-05-16 04:02:47,-21.2,-175.2,74.68,63,53,14.05,broken clouds
72,Dikson,RU,2022-05-16 04:04:03,73.5069,80.5464,35.55,99,100,12.26,moderate rain
73,East London,ZA,2022-05-16 04:03:17,-33.0153,27.9116,60.12,80,0,6.71,clear sky
74,Pevek,RU,2022-05-16 04:02:35,69.7008,170.3133,30.24,76,97,3.98,overcast clouds
75,Salalah,OM,2022-05-16 04:07:34,17.0151,54.0924,84.29,61,6,6.91,clear sky
76,Umba,RU,2022-05-16 04:09:41,66.6871,34.3429,40.91,71,95,4.68,overcast clouds
77,Merauke,ID,2022-05-16 04:09:42,-8.4667,140.3333,83.28,57,8,7.45,clear sky
78,Yerbogachen,RU,2022-05-16 04:08:31,61.2767,108.0108,62.02,44,44,6.62,scattered clouds
79,Bambous Virieux,MU,2022-05-16 04:02:56,-20.3428,57.7575,77.25,78,75,10.36,light rain
80,Mehamn,NO,2022-05-16 04:04:05,71.0357,27.8492,37.35,87,75,10.36,broken clouds
81,Albany,US,2022-05-16 03:57:27,42.6001,-73.9662,65.64,94,100,3.27,overcast clouds
82,Mar Del Plata,AR,2022-05-16 04:02:54,-38.0023,-57.5575,53.94,79,99,8.01,overcast clouds
83,Kavaratti,IN,2022-05-16 04:05:20,10.5669,72.642,80.01,82,100,16.84,overcast clouds
84,Kapaa,US,2022-05-16 04:03:29,22.0752,-159.319,78.78,84,98,4.0,overcast clouds
85,Yelizovo,RU,2022-05-16 04:09:43,53.1873,158.3805,37.54,100,100,13.42,light intensity shower rain
86,Ponta Do Sol,PT,2022-05-16 04:03:10,32.6667,-17.1,70.0,90,41,5.86,scattered clouds
87,Qaqortoq,GL,2022-05-16 04:07:05,60.7167,-46.0333,31.41,74,53,4.12,broken clouds
88,Clyde River,CA,2022-05-16 04:07:19,70.4692,-68.5914,13.17,86,26,3.58,scattered clouds
89,Yulara,AU,2022-05-16 04:05:04,-25.2406,130.9889,74.71,27,50,12.37,scattered clouds
90,Tiznit,MA,2022-05-16 04:09:44,29.5833,-9.5,57.72,74,0,0.45,clear sky
91,Saint-Philippe,RE,2022-05-16 04:02:53,-21.3585,55.7679,72.99,86,77,14.05,light rain
92,Aklavik,CA,2022-05-16 04:04:12,68.2191,-135.0107,31.77,98,100,9.55,light snow
93,Tasiilaq,GL,2022-05-16 04:04:06,65.6145,-37.6368,33.96,95,100,9.22,light snow
94,Verkhnevilyuysk,RU,2022-05-16 04:09:45,63.4453,120.3167,46.42,34,100,10.4,overcast clouds
95,Namibe,AO,2022-05-16 04:02:52,-15.1961,12.1522,70.72,61,6,6.93,clear sky
96,Bilibino,RU,2022-05-16 04:03:35,68.0546,166.4372,34.95,94,60,3.76,broken clouds
97,Kodiak,US,2022-05-16 04:02:43,57.79,-152.4072,43.83,68,20,3.89,few clouds
98,Bredasdorp,ZA,2022-05-16 04:03:28,-34.5322,20.0403,53.22,69,0,4.25,clear sky
99,Airai,TL,2022-05-16 04:04:32,-8.9266,125.4092,75.96,52,3,2.44,clear sky
100,Inuvik,CA,2022-05-16 04:09:47,68.3499,-133.7218,35.08,100,100,6.24,light snow
101,Nouakchott,MR,2022-05-16 04:09:47,18.0858,-15.9785,85.93,38,98,12.68,overcast clouds
102,Popondetta,PG,2022-05-16 04:09:48,-8.7537,148.2534,89.2,50,98,6.62,light rain
103,Makakilo City,US,2022-05-16 04:09:48,21.3469,-158.0858,77.32,73,100,6.91,overcast clouds
104,Qaanaaq,GL,2022-05-16 04:02:32,77.484,-69.3632,16.36,74,80,6.89,broken clouds
105,Poum,NC,2022-05-16 04:02:39,-20.2333,164.0167,78.64,72,43,15.48,scattered clouds
106,Smithers,CA,2022-05-16 04:09:49,54.7804,-127.1743,48.52,87,100,2.3,overcast clouds
107,Luderitz,NA,2022-05-16 04:02:57,-26.6481,15.1594,72.46,28,13,12.93,few clouds
108,Severnyy-Kospashskiy,RU,2022-05-16 04:09:50,59.0925,57.8008,51.4,75,53,4.85,light rain
109,Longyearbyen,SJ,2022-05-16 04:03:09,78.2186,15.6401,26.28,91,100,1.83,overcast clouds
110,Timra,SE,2022-05-16 04:06:54,62.487,17.3257,40.55,64,6,15.17,clear sky
111,Khatanga,RU,2022-05-16 04:01:19,71.9667,102.5,33.26,100,100,4.92,overcast clouds
112,Geraldton,AU,2022-05-16 04:04:21,-28.7667,114.6,72.01,46,0,9.22,clear sky
113,Nipawin,CA,2022-05-16 04:09:51,53.3668,-104.0009,39.18,77,6,5.23,clear sky
114,Souillac,MU,2022-05-16 04:02:42,-20.5167,57.5167,77.38,78,75,10.36,light rain
115,Esperance,AU,2022-05-16 04:06:26,-33.8667,121.9,60.87,66,97,4.59,overcast clouds
116,Ribeira Grande,PT,2022-05-16 04:03:12,38.5167,-28.7,57.67,70,38,33.46,light rain
117,Itoman,JP,2022-05-16 04:09:52,26.1247,127.6694,66.58,92,75,14.97,light rain
118,Sao Jose Da Coroa Grande,BR,2022-05-16 04:09:53,-8.8978,-35.1478,77.38,86,90,4.47,overcast clouds
119,Lagoa,PT,2022-05-16 04:03:50,39.05,-27.9833,56.19,72,11,39.62,few clouds
120,Honavar,IN,2022-05-16 04:09:54,14.2833,74.45,84.83,75,100,8.86,overcast clouds
121,Hovd,MN,2022-05-16 04:09:54,48.0056,91.6419,66.2,16,100,3.33,light rain
122,Pitimbu,BR,2022-05-16 04:09:55,-7.4706,-34.8086,75.79,85,56,5.53,broken clouds
123,Mareeba,AU,2022-05-16 04:07:58,-17.0,145.4333,83.44,56,2,2.17,clear sky
124,Yatou,CN,2022-05-16 04:07:32,37.15,122.3833,74.82,29,12,11.05,few clouds
125,Hofn,IS,2022-05-16 04:03:26,64.2539,-15.2082,48.07,89,80,4.38,broken clouds
126,San Pedro,PH,2022-05-16 04:06:57,14.35,121.0167,89.31,67,94,3.36,overcast clouds
127,Faanui,PF,2022-05-16 04:03:45,-16.4833,-151.75,81.34,71,23,10.38,few clouds
128,Hilo,US,2022-05-16 03:59:01,19.7297,-155.09,78.28,97,55,1.01,moderate rain
129,Kismayo,SO,2022-05-16 04:04:21,-0.3582,42.5454,80.15,79,86,15.64,overcast clouds
130,New Norfolk,AU,2022-05-16 04:03:08,-42.7826,147.0587,54.9,46,42,9.55,light rain
131,Lebanon,US,2022-05-16 04:05:19,36.2081,-86.2911,75.25,82,75,3.44,broken clouds
132,Douentza,ML,2022-05-16 04:09:57,14.9951,-2.9517,82.09,10,4,3.56,clear sky
133,Nuuk,GL,2022-05-16 04:09:57,64.1835,-51.7216,29.77,66,0,8.5,clear sky
134,Kruisfontein,ZA,2022-05-16 04:03:23,-34.0033,24.7314,55.11,64,0,6.89,clear sky
135,Severo-Kurilsk,RU,2022-05-16 04:03:18,50.6789,156.125,36.21,98,100,14.63,overcast clouds
136,Port Elizabeth,ZA,2022-05-16 04:03:23,-33.918,25.5701,58.53,76,0,7.43,clear sky
137,Avera,US,2022-05-16 04:07:52,33.194,-82.5271,73.45,84,73,8.14,broken clouds
138,Castro,BR,2022-05-16 04:01:01,-24.7911,-50.0119,51.21,98,15,3.65,few clouds
139,Tilichiki,RU,2022-05-16 04:06:03,60.4667,166.1,36.21,91,100,8.57,overcast clouds
140,Saint Augustine,US,2022-05-16 04:09:59,29.8947,-81.3145,73.02,96,0,0.0,clear sky
141,Isangel,VU,2022-05-16 04:02:48,-19.55,169.2667,78.44,73,33,15.99,scattered clouds
142,Kaka,TM,2022-05-16 04:09:59,37.3482,59.6143,81.61,19,4,3.62,clear sky
143,Broome,US,2022-05-16 04:04:54,42.2506,-75.833,63.86,88,0,4.61,clear sky
144,Kudahuvadhoo,MV,2022-05-16 04:10:00,2.6708,72.8944,83.66,77,92,18.99,overcast clouds
145,Mount Isa,AU,2022-05-16 04:05:05,-20.7333,139.5,83.97,37,0,12.66,clear sky
146,Bargarh,IN,2022-05-16 04:10:01,21.3333,83.6167,101.37,27,76,8.12,broken clouds
147,Upernavik,GL,2022-05-16 04:03:53,72.7868,-56.1549,4.86,92,32,6.22,scattered clouds
148,Butterworth,MY,2022-05-16 04:10:02,5.3991,100.3638,86.05,70,20,8.05,few clouds
149,Port Lincoln,AU,2022-05-16 04:06:56,-34.7333,135.8667,62.11,55,72,20.11,broken clouds
150,Felanitx,ES,2022-05-16 04:10:02,39.4696,3.1483,67.14,68,98,2.82,overcast clouds
151,Shizunai,JP,2022-05-16 04:05:36,42.3339,142.3669,53.33,71,52,7.27,broken clouds
152,Gardabani,GE,2022-05-16 04:10:03,41.4605,45.0928,55.49,71,99,10.27,overcast clouds
153,Takoradi,GH,2022-05-16 04:10:03,4.8845,-1.7554,79.21,86,75,4.38,light rain
154,Yar-Sale,RU,2022-05-16 04:07:28,66.8333,70.8333,39.4,100,100,8.5,overcast clouds
155,Carnarvon,AU,2022-05-16 04:03:09,-24.8667,113.6333,74.46,26,0,3.29,clear sky
156,Saskylakh,RU,2022-05-16 04:02:48,71.9167,114.0833,33.75,100,100,5.41,overcast clouds
157,Soc Trang,VN,2022-05-16 04:10:04,9.6033,105.98,92.07,53,100,9.19,overcast clouds
158,Cabo San Lucas,MX,2022-05-16 04:02:31,22.8909,-109.9124,84.61,39,90,5.99,overcast clouds
159,Pisco,PE,2022-05-16 04:05:55,-13.7,-76.2167,60.03,94,8,3.44,mist
160,Mackenzie,CA,2022-05-16 04:10:05,55.2999,-123.1698,52.02,54,100,9.22,overcast clouds
161,Arua,UG,2022-05-16 04:10:06,3.0201,30.9111,62.85,85,71,1.41,broken clouds
162,Seybaplaya,MX,2022-05-16 04:10:06,19.65,-90.6667,79.09,60,0,12.77,clear sky
163,Igarka,RU,2022-05-16 04:10:07,67.4667,86.5833,43.56,94,100,4.81,overcast clouds
164,Saint-Pierre,RE,2022-05-16 04:06:42,-21.3393,55.4781,73.08,83,75,10.36,broken clouds
165,Labuhan,ID,2022-05-16 04:08:01,-6.8844,112.2051,86.4,69,47,3.44,scattered clouds
166,Izhma,RU,2022-05-16 04:10:07,65.0083,53.9113,39.9,87,100,8.16,overcast clouds
167,Alice Springs,AU,2022-05-16 04:10:08,-23.7,133.8833,74.75,32,40,11.5,scattered clouds
168,Puerto Baquerizo Moreno,EC,2022-05-16 04:10:08,-0.9,-89.6,72.19,91,44,7.81,scattered clouds
169,Vestmanna,FO,2022-05-16 04:08:00,62.1564,-7.1664,45.52,93,75,11.5,broken clouds
170,Aulla,IT,2022-05-16 04:10:09,44.2146,9.9678,61.95,80,42,3.4,scattered clouds
171,Kula,TR,2022-05-16 04:10:10,38.5473,28.6498,60.33,63,1,2.04,clear sky
172,Micheweni,TZ,2022-05-16 04:10:10,-4.9667,39.8333,77.97,79,3,12.37,light rain
173,Arecibo,PR,2022-05-16 04:10:11,18.4724,-66.7157,77.97,82,60,1.01,broken clouds
174,Elizabeth City,US,2022-05-16 04:10:11,36.2946,-76.2511,71.62,87,75,8.05,broken clouds
175,Birao,CF,2022-05-16 04:05:58,10.2849,22.7882,78.62,60,95,2.91,overcast clouds
176,Ayame,CI,2022-05-16 04:10:12,5.6083,-3.1563,74.43,98,100,0.29,overcast clouds
177,Cockburn Town,TC,2022-05-16 04:04:19,21.4612,-71.1419,78.85,83,100,21.36,overcast clouds
178,Cayenne,GF,2022-05-16 04:01:36,4.9333,-52.3333,82.09,1,75,7.0,light rain
179,Klaksvik,FO,2022-05-16 04:02:37,62.2266,-6.589,47.32,97,59,13.49,broken clouds
180,Montalvo,EC,2022-05-16 04:10:13,-1.8,-79.3333,76.01,96,95,2.3,light rain
181,Sleaford,GB,2022-05-16 04:10:14,52.9983,-0.4094,54.86,96,100,11.5,overcast clouds
182,Husavik,IS,2022-05-16 04:02:57,66.0449,-17.3389,44.49,83,60,7.27,broken clouds
183,Malanville,BJ,2022-05-16 04:10:14,11.8685,3.3899,85.68,55,99,9.62,overcast clouds
184,Koila,GR,2022-05-16 04:10:15,40.3333,21.7833,58.71,82,3,5.75,clear sky
185,Gijon,ES,2022-05-16 04:06:47,43.5357,-5.6615,62.46,95,59,1.01,broken clouds
186,Eenhana,NA,2022-05-16 04:10:16,-17.4667,16.3333,60.69,47,3,8.32,clear sky
187,Peniche,PT,2022-05-16 04:07:59,39.3558,-9.3811,63.28,88,100,13.2,overcast clouds
188,Nome,US,2022-05-16 03:58:52,64.5011,-165.4064,36.54,94,93,6.31,overcast clouds
189,Impfondo,CG,2022-05-16 04:10:17,1.6381,18.0667,71.87,94,99,1.68,light rain
190,Evensk,RU,2022-05-16 04:06:21,61.95,159.2333,40.33,84,100,9.55,overcast clouds
191,Naze,JP,2022-05-16 04:10:17,28.3667,129.4833,59.95,90,100,11.79,moderate rain
192,Tabou,CI,2022-05-16 04:10:18,4.423,-7.3528,78.35,86,100,7.65,light rain
193,Borogontsy,RU,2022-05-16 04:10:18,62.6683,131.1683,45.9,59,93,6.17,light rain
194,Greenville,US,2022-05-16 04:07:39,35.6127,-77.3663,71.76,83,0,8.05,clear sky
195,Port Augusta,AU,2022-05-16 04:10:19,-32.5,137.7667,67.26,45,35,13.29,scattered clouds
196,Nikolskoye,RU,2022-05-16 04:02:44,59.7035,30.7861,47.88,91,100,8.28,overcast clouds
197,Portland,US,2022-05-16 04:02:44,45.5234,-122.6762,63.18,74,100,6.91,overcast clouds
198,Cap Malheureux,MU,2022-05-16 04:10:20,-19.9842,57.6142,73.47,88,30,7.0,scattered clouds
199,Katherine,AU,2022-05-16 04:10:20,-14.4667,132.2667,93.52,18,0,9.22,clear sky
200,Harnosand,SE,2022-05-16 04:10:21,62.6323,17.9379,42.82,65,2,19.48,clear sky
201,Sinnamary,GF,2022-05-16 04:10:21,5.3833,-52.95,77.9,91,100,9.33,overcast clouds
202,Pishva,IR,2022-05-16 04:10:22,35.308,51.7267,78.53,14,0,4.36,clear sky
203,Caravelas,BR,2022-05-16 04:04:04,-17.7125,-39.2481,72.75,81,56,5.3,broken clouds
204,Chokurdakh,RU,2022-05-16 04:02:43,70.6333,147.9167,22.87,83,100,14.41,overcast clouds
205,Trinidad,BO,2022-05-16 04:06:25,-14.8333,-64.9,67.91,77,85,8.37,overcast clouds
206,Tazmalt,DZ,2022-05-16 04:10:12,36.3868,4.3989,70.79,46,37,1.7,scattered clouds
207,Viedma,AR,2022-05-16 04:04:00,-40.8135,-62.9967,51.26,77,93,16.17,overcast clouds
208,Pemberton,CA,2022-05-16 04:10:23,50.3164,-122.8027,45.81,100,100,3.31,overcast clouds
209,Olafsvik,IS,2022-05-16 04:04:44,64.8945,-23.7142,47.32,87,100,9.8,overcast clouds
210,Fort Nelson,CA,2022-05-16 04:04:48,58.8053,-122.7002,49.5,61,59,4.36,broken clouds
211,Naryan-Mar,RU,2022-05-16 04:06:51,67.6713,53.087,35.78,92,100,13.02,overcast clouds
212,San Cristobal,VE,2022-05-16 04:05:27,7.7669,-72.225,75.38,96,97,3.09,overcast clouds
213,Ucluelet,CA,2022-05-16 04:04:05,48.9329,-125.5528,52.09,93,100,1.99,overcast clouds
214,Talnakh,RU,2022-05-16 04:07:06,69.4865,88.3972,45.21,91,100,8.59,overcast clouds
215,Okhansk,RU,2022-05-16 04:10:24,57.7186,55.3877,55.47,69,74,3.6,broken clouds
216,Mahebourg,MU,2022-05-16 04:03:39,-20.4081,57.7,77.29,78,75,10.36,broken clouds
217,Santa Luzia,BR,2022-05-16 04:10:25,-19.7697,-43.8514,63.5,85,94,0.92,overcast clouds
218,Beaufort,MY,2022-05-16 04:09:08,5.3473,115.7455,91.85,53,27,4.03,scattered clouds
219,Pierre,US,2022-05-16 04:05:18,44.3683,-100.351,60.06,61,0,7.0,clear sky
220,Praya,CV,2022-05-16 04:07:31,14.9215,-23.5087,71.58,84,98,13.78,overcast clouds
221,Lorengau,PG,2022-05-16 04:06:11,-2.0226,147.2712,84.97,61,65,5.53,broken clouds
222,Maniitsoq,GL,2022-05-16 04:02:33,65.4167,-52.9,31.26,55,6,5.55,clear sky
223,Victoria,HK,2022-05-16 04:01:54,22.2855,114.1577,68.95,90,100,11.99,light rain
224,Semypolky,UA,2022-05-16 04:10:26,50.7167,30.9333,52.88,80,3,6.96,clear sky
225,Labuan,MY,2022-05-16 04:10:27,5.2767,115.2417,83.5,73,23,2.73,few clouds
226,Rapar,IN,2022-05-16 04:10:27,23.5667,70.6333,90.75,39,0,18.07,clear sky
227,Eufaula,US,2022-05-16 04:09:01,31.8913,-85.1455,67.86,94,59,4.79,broken clouds
228,Cairns,AU,2022-05-16 04:10:28,-16.9167,145.7667,88.07,65,1,5.75,clear sky
229,Pinotepa Nacional,MX,2022-05-16 04:10:28,16.3167,-98.0167,79.5,74,25,3.15,scattered clouds
230,Urzhum,RU,2022-05-16 04:10:29,57.1141,49.9996,51.94,71,79,3.89,broken clouds
231,Neryungri,RU,2022-05-16 04:10:29,56.6709,124.6491,33.46,88,100,11.14,snow
232,Hasaki,JP,2022-05-16 04:10:30,35.7333,140.8333,59.4,92,100,18.3,light rain
233,Ylojarvi,FI,2022-05-16 04:10:30,61.5563,23.5961,45.63,63,0,9.22,clear sky
234,Tuatapere,NZ,2022-05-16 04:05:01,-46.1333,167.6833,58.82,69,23,4.94,few clouds
235,Desbiens,CA,2022-05-16 04:10:31,48.4178,-71.9495,54.25,98,100,5.75,light rain
236,Westport,US,2022-05-16 04:05:20,41.1415,-73.3579,66.27,93,70,5.79,broken clouds
237,Athabasca,CA,2022-05-16 04:10:32,54.7169,-113.2854,49.14,62,23,7.81,few clouds
238,Mariental,NA,2022-05-16 04:10:32,-24.6333,17.9667,58.78,36,0,10.18,clear sky
239,Saint Anthony,US,2022-05-16 04:04:49,45.0205,-93.218,63.03,53,0,5.75,clear sky
240,Kaseda,JP,2022-05-16 04:07:48,31.4167,130.3167,63.97,73,100,7.99,light rain
241,Nambucca Heads,AU,2022-05-16 04:10:33,-30.65,153.0,73.0,73,97,7.81,overcast clouds
242,Durusu,TR,2022-05-16 04:10:33,41.3053,28.6767,62.78,93,99,3.0,overcast clouds
243,Buraydah,SA,2022-05-16 04:07:40,26.326,43.975,85.64,12,0,4.76,clear sky
244,Rexburg,US,2022-05-16 04:04:26,43.826,-111.7897,65.71,38,0,3.44,clear sky
245,Stara Vyzhivka,UA,2022-05-16 04:10:34,51.4376,24.44,48.87,80,65,5.3,broken clouds
246,Guadalajara,MX,2022-05-16 04:10:20,20.6667,-103.3333,74.97,38,75,9.22,broken clouds
247,Namtsy,RU,2022-05-16 04:10:35,62.7161,129.6658,44.89,65,100,5.35,light rain
248,Acarau,BR,2022-05-16 04:05:20,-2.8856,-40.12,75.92,92,52,9.33,broken clouds
249,Locri,IT,2022-05-16 04:10:35,38.2414,16.2623,63.32,55,76,8.93,broken clouds
250,Karratha,AU,2022-05-16 04:02:50,-20.7377,116.8463,83.46,32,33,14.9,scattered clouds
251,Yining,CN,2022-05-16 04:10:36,29.0361,114.5636,74.62,48,54,2.33,broken clouds
252,Boyuibe,BO,2022-05-16 04:10:36,-20.4167,-63.2833,58.95,73,98,10.0,overcast clouds
253,Gamba,GA,2022-05-16 04:05:41,-2.65,10.0,76.73,92,98,4.65,overcast clouds
254,Bangangte,CM,2022-05-16 04:10:37,5.1409,10.5198,61.68,94,79,2.64,broken clouds
255,Porto Novo,BJ,2022-05-16 04:05:45,6.4965,2.6036,79.09,87,90,4.7,overcast clouds
256,Huilong,CN,2022-05-16 04:07:20,31.8111,121.655,72.75,43,65,6.46,broken clouds
257,Grindavik,IS,2022-05-16 04:05:11,63.8424,-22.4338,48.67,100,100,14.97,overcast clouds
258,Havre-Saint-Pierre,CA,2022-05-16 04:10:38,50.2334,-63.5986,36.86,85,100,11.56,overcast clouds
259,Limerick,IE,2022-05-16 04:10:39,52.6647,-8.6231,57.15,97,100,8.72,overcast clouds
260,Half Moon Bay,US,2022-05-16 04:04:52,37.4636,-122.4286,61.45,83,100,27.63,overcast clouds
261,Mbandaka,CD,2022-05-16 04:10:39,0.0487,18.2603,70.59,96,65,0.43,broken clouds
262,Gazojak,TM,2022-05-16 04:10:40,41.1875,61.4036,81.97,15,15,9.62,few clouds
263,Vila Franca Do Campo,PT,2022-05-16 04:06:41,37.7167,-25.4333,61.2,83,89,26.31,moderate rain
264,Boguchany,RU,2022-05-16 04:10:40,58.3814,97.4531,72.25,36,100,7.05,overcast clouds
265,Oksfjord,NO,2022-05-16 04:10:41,70.2396,22.3479,37.47,100,100,11.59,light rain
266,Qurbus,TN,2022-05-16 04:10:41,36.8167,10.5687,60.84,65,13,2.93,few clouds
267,Shelburne,CA,2022-05-16 04:10:42,44.0787,-80.2041,61.36,81,100,6.53,overcast clouds
268,Belgrade,RS,2022-05-16 04:10:41,44.804,20.4651,58.66,67,0,6.91,light rain
269,Tongliao,CN,2022-05-16 04:07:42,43.6125,122.2653,70.92,16,13,11.18,few clouds
270,Kaitangata,NZ,2022-05-16 04:03:34,-46.2817,169.8464,56.46,70,3,2.82,clear sky
271,Saint-Louis,SN,2022-05-16 04:10:43,16.3333,-15.0,89.1,12,23,9.31,few clouds
272,Esna,EG,2022-05-16 04:10:43,25.2934,32.554,78.8,24,100,13.89,overcast clouds
273,Choma,ZM,2022-05-16 04:10:44,-16.8065,26.9531,50.77,87,0,5.53,clear sky
274,Tromso,NO,2022-05-16 04:10:44,69.6496,18.957,39.38,81,75,10.36,light intensity drizzle rain
275,Hualmay,PE,2022-05-16 04:04:24,-11.0964,-77.6139,63.21,85,15,7.58,few clouds
276,Jardim,BR,2022-05-16 04:10:45,-21.4803,-56.1381,58.41,93,1,6.35,clear sky
277,Loiza,PR,2022-05-16 04:10:46,18.4313,-65.8802,77.0,87,20,4.61,few clouds
278,Lebu,CL,2022-05-16 04:03:47,-37.6167,-73.65,52.68,60,100,4.5,overcast clouds
279,Nhulunbuy,AU,2022-05-16 04:10:46,-12.2333,136.7667,86.61,48,20,12.66,few clouds
280,Harbour Breton,CA,2022-05-16 04:10:47,47.4833,-55.7983,38.71,91,97,7.14,overcast clouds
281,Maldonado,UY,2022-05-16 04:02:52,-34.6667,-54.9167,54.23,80,98,17.31,overcast clouds
282,Romanovo,RU,2022-05-16 04:10:47,52.6182,81.2271,72.79,34,17,10.0,few clouds
283,Grand Haven,US,2022-05-16 04:10:48,43.0631,-86.2284,61.47,67,75,5.75,broken clouds
284,Marzuq,YE,2022-05-16 04:07:25,14.4,46.4667,75.25,11,0,3.0,clear sky
285,Jati,PK,2022-05-16 04:10:48,24.3539,68.2671,91.78,42,0,21.07,clear sky
286,Mazagao,BR,2022-05-16 04:10:49,-0.115,-51.2894,77.05,97,100,2.01,overcast clouds
287,Valleyview,CA,2022-05-16 04:10:49,55.0667,-117.2859,50.32,67,99,8.41,overcast clouds
288,Srednekolymsk,RU,2022-05-16 04:10:50,67.45,153.6833,35.26,98,100,9.24,overcast clouds
289,Destin,US,2022-05-16 04:10:50,30.3935,-86.4958,73.06,85,100,3.44,overcast clouds
290,Kutum,SD,2022-05-16 04:04:14,14.2,24.6667,73.31,42,95,13.73,overcast clouds
291,Thinadhoo,MV,2022-05-16 04:10:51,0.5333,72.9333,83.82,70,100,17.25,overcast clouds
292,Paramonga,PE,2022-05-16 04:10:52,-10.6667,-77.8333,62.8,88,30,6.8,scattered clouds
293,Isla Vista,US,2022-05-16 04:07:03,34.4133,-119.861,67.98,71,0,8.05,clear sky
294,Constitucion,CL,2022-05-16 04:03:14,-35.3333,-72.4167,55.35,56,83,2.91,broken clouds
295,Saint-Joseph,RE,2022-05-16 04:10:52,-21.3667,55.6167,71.98,84,56,14.43,light rain
296,Abu Kamal,SY,2022-05-16 04:10:53,34.4506,40.9171,69.19,52,0,20.87,clear sky
297,Ken Caryl,US,2022-05-16 04:10:53,39.5773,-105.1169,66.36,36,12,4.0,few clouds
298,Pemangkat,ID,2022-05-16 04:10:54,1.1667,108.9667,86.97,67,80,6.13,light rain
299,Galesong,ID,2022-05-16 04:10:54,-5.3166,119.3661,82.42,70,55,4.56,light rain
300,Flinders,AU,2022-05-16 04:03:32,-34.5833,150.8552,76.05,53,0,11.01,clear sky
301,Puerto Carreno,CO,2022-05-16 04:10:55,6.189,-67.4859,80.83,77,100,3.94,overcast clouds
302,Bethel,US,2022-05-16 04:02:46,41.3712,-73.414,65.91,91,90,1.01,overcast clouds
303,Havoysund,NO,2022-05-16 04:10:56,70.9963,24.6622,37.63,100,100,14.76,overcast clouds
304,Te Anau,NZ,2022-05-16 04:02:41,-45.4167,167.7167,57.85,71,45,5.28,moderate rain
305,Lake City,US,2022-05-16 04:10:56,30.1897,-82.6393,67.71,100,0,0.0,clear sky
306,Kargasok,RU,2022-05-16 04:10:57,59.0556,80.8572,66.42,45,56,9.31,broken clouds
307,Lahaina,US,2022-05-16 04:10:57,20.8783,-156.6825,80.6,81,33,9.78,scattered clouds
308,Trat,TH,2022-05-16 04:10:58,12.5,102.5,91.81,64,96,7.18,overcast clouds
309,Keti Bandar,PK,2022-05-16 04:10:58,24.1447,67.4497,86.04,69,0,19.51,clear sky
310,Mayo,US,2022-05-16 04:05:44,38.8876,-76.5119,69.15,94,0,5.75,mist
311,Kelamangalam,IN,2022-05-16 04:10:59,12.6,77.85,81.73,79,100,11.25,overcast clouds
312,Sangar,RU,2022-05-16 04:04:08,63.9242,127.4739,40.6,70,100,2.51,overcast clouds
313,Brenham,US,2022-05-16 04:11:00,30.1669,-96.3977,78.98,76,0,8.05,clear sky
314,Kolokani,ML,2022-05-16 04:11:00,13.5728,-8.0339,80.11,8,36,6.06,scattered clouds
315,Chuy,UY,2022-05-16 04:03:16,-33.6971,-53.4616,45.27,64,3,10.71,clear sky
316,Gonen,TR,2022-05-16 04:11:01,40.1049,27.654,64.02,39,35,0.63,scattered clouds
317,Thompson,CA,2022-05-16 04:03:30,55.7435,-97.8558,33.91,94,100,9.84,overcast clouds
318,Victor Harbor,AU,2022-05-16 04:11:01,-35.5667,138.6167,61.0,72,53,1.01,light rain
319,Sfantu Gheorghe,RO,2022-05-16 04:11:02,45.8667,25.7833,56.93,86,57,1.72,broken clouds
320,Sao Raimundo Nonato,BR,2022-05-16 04:11:03,-9.0153,-42.6994,74.48,70,100,2.04,overcast clouds
321,Erenhot,CN,2022-05-16 04:11:03,43.6475,111.9767,70.12,10,76,15.19,broken clouds
322,Marawi,PH,2022-05-16 04:05:36,7.9986,124.2928,83.12,63,90,2.37,overcast clouds
323,Lompoc,US,2022-05-16 04:02:56,34.6391,-120.4579,56.01,88,100,25.01,mist
324,Jaciara,BR,2022-05-16 04:11:04,-15.9653,-54.9683,69.35,90,74,5.77,broken clouds
325,Zima,RU,2022-05-16 04:11:04,53.9202,102.0442,73.31,26,100,7.52,overcast clouds
326,Lavrentiya,RU,2022-05-16 04:06:19,65.5833,-171.0,29.05,74,84,10.42,broken clouds
327,Ginda,IN,2022-05-16 04:11:05,30.6945,78.4932,84.16,13,1,6.4,clear sky
328,Maragogi,BR,2022-05-16 04:11:06,-9.0122,-35.2225,76.95,87,89,4.0,overcast clouds
329,Waipawa,NZ,2022-05-16 04:11:06,-41.4122,175.5153,57.07,95,98,3.91,overcast clouds
330,Lamesa,US,2022-05-16 04:11:07,32.7376,-101.951,82.53,29,5,19.33,clear sky
331,Narsaq,GL,2022-05-16 04:07:40,60.9167,-46.05,34.02,66,45,2.15,scattered clouds
332,Rawson,AR,2022-05-16 04:06:31,-43.3002,-65.1023,49.15,71,44,7.31,scattered clouds
333,Lere,NG,2022-05-16 04:11:07,10.387,8.5726,72.1,75,26,2.48,scattered clouds
334,Sainte-Suzanne,RE,2022-05-16 04:11:08,-20.9061,55.6089,73.62,73,20,14.97,few clouds
335,Ocosingo,MX,2022-05-16 04:11:08,17.0667,-92.25,62.67,77,14,0.94,few clouds
336,Nantucket,US,2022-05-16 04:04:15,41.2835,-70.0995,55.54,98,100,12.66,fog
337,Ravar,IR,2022-05-16 04:11:09,31.2656,56.8055,78.1,7,0,1.59,clear sky
338,Soe,ID,2022-05-16 04:11:10,-9.8607,124.284,84.7,44,6,5.46,clear sky
339,Grand-Bourg,GP,2022-05-16 04:11:10,15.8835,-61.3148,78.75,79,15,19.82,few clouds
340,Gedo,ET,2022-05-16 04:11:11,9.0167,37.45,53.91,66,33,1.59,scattered clouds
341,Manasa,IN,2022-05-16 04:11:11,24.4837,75.2687,95.74,14,0,16.33,clear sky
342,Godfrey,US,2022-05-16 04:11:12,38.9556,-90.1868,65.93,52,75,5.75,broken clouds
343,Aksarka,RU,2022-05-16 04:07:01,66.5606,67.7975,50.14,73,91,10.56,overcast clouds
344,Batagay-Alyta,RU,2022-05-16 04:07:19,67.8006,130.4114,25.48,74,100,5.01,overcast clouds
345,Trincomalee,LK,2022-05-16 04:06:13,8.5711,81.2335,86.63,67,97,20.2,overcast clouds
346,Aranos,NA,2022-05-16 04:11:13,-24.1333,19.1167,58.5,38,0,9.71,clear sky
347,Nago,JP,2022-05-16 04:11:13,26.5881,127.9761,66.63,92,100,16.13,moderate rain
348,Aasiaat,GL,2022-05-16 04:11:14,68.7098,-52.8699,14.61,95,37,1.03,scattered clouds
349,Narkanda,IN,2022-05-16 04:11:14,31.2548,77.4613,74.61,13,42,1.99,scattered clouds
350,Woodward,US,2022-05-16 04:11:15,36.4337,-99.3904,70.83,72,0,8.05,clear sky
351,Celestun,MX,2022-05-16 04:11:15,20.8667,-90.4,76.33,79,0,13.87,clear sky
352,Lubartow,PL,2022-05-16 04:11:16,51.4603,22.6095,50.43,80,85,4.81,overcast clouds
353,Itupiranga,BR,2022-05-16 04:11:16,-5.1347,-49.3267,75.52,97,100,2.62,moderate rain
354,Lasa,IT,2022-05-16 04:07:02,46.6166,10.7002,55.36,90,89,2.3,overcast clouds
355,Vostok,RU,2022-05-16 04:05:15,46.4856,135.8833,48.92,52,94,9.89,overcast clouds
356,Vestmannaeyjar,IS,2022-05-16 04:03:49,63.4427,-20.2734,48.15,91,100,19.01,overcast clouds
357,Hambantota,LK,2022-05-16 04:04:15,6.1241,81.1185,82.74,94,75,13.8,broken clouds
358,Iqaluit,CA,2022-05-16 04:00:35,63.7506,-68.5145,13.15,90,100,2.84,overcast clouds
359,Prince Rupert,CA,2022-05-16 04:04:05,54.3161,-130.3201,46.49,87,100,9.22,light rain
360,Mujiayingzi,CN,2022-05-16 04:06:07,42.1167,118.7833,67.28,17,49,13.62,scattered clouds
361,Cabras,IT,2022-05-16 04:11:18,39.93,8.5314,60.48,60,52,5.3,broken clouds
362,Bandarbeyla,SO,2022-05-16 04:06:44,9.4942,50.8122,85.51,62,98,19.69,overcast clouds
363,Ilo,PE,2022-05-16 04:11:18,-17.6394,-71.3375,63.52,84,44,5.53,scattered clouds
364,Jizan,SA,2022-05-16 04:11:19,17.3333,42.6667,90.52,30,0,1.57,clear sky
365,La Trinidad,PH,2022-05-16 04:11:20,16.455,120.5875,74.41,71,97,4.43,overcast clouds
366,Muzhi,RU,2022-05-16 04:11:20,65.3667,64.6667,49.82,72,64,5.64,broken clouds
367,Kieta,PG,2022-05-16 04:11:21,-6.2167,155.6333,83.37,74,83,3.15,light rain
368,Longhua,CN,2022-05-16 04:11:21,23.6137,114.1919,68.05,72,99,4.81,overcast clouds
369,Kampot,KH,2022-05-16 04:11:22,10.6167,104.1833,87.85,62,65,6.91,broken clouds
370,Kropotkin,RU,2022-05-16 04:11:22,45.4375,40.5756,53.96,82,5,9.71,clear sky
371,Chilca,PE,2022-05-16 04:11:23,-12.5211,-76.7372,62.69,88,28,5.08,scattered clouds
372,Shihezi,CN,2022-05-16 04:11:23,44.3,86.0333,66.63,51,100,10.96,moderate rain
373,Cobija,BO,2022-05-16 04:11:45,-11.0267,-68.7692,72.19,99,80,1.61,moderate rain
374,Nizwa,OM,2022-05-16 04:11:45,22.9333,57.5333,87.94,16,0,1.99,clear sky
375,Hede,CN,2022-05-16 04:11:46,33.7681,120.2517,80.55,22,0,13.24,clear sky
376,Qixia,CN,2022-05-16 04:11:46,37.2975,120.8256,79.3,14,10,15.39,clear sky
377,Kabalo,CD,2022-05-16 04:11:47,-6.05,26.9167,67.78,79,54,3.62,broken clouds
378,Padang,ID,2022-05-16 04:07:08,-0.9492,100.3543,77.05,74,77,5.12,broken clouds
379,Tezu,IN,2022-05-16 04:11:45,27.9167,96.1667,71.04,98,100,4.92,moderate rain
380,Samarai,PG,2022-05-16 04:04:40,-10.6167,150.6667,82.65,71,8,4.36,clear sky
381,Hamilton,US,2022-05-16 04:07:53,39.1834,-84.5333,71.55,77,0,4.61,clear sky
382,Clyde,US,2022-05-16 04:11:48,41.3042,-82.9752,65.82,87,100,6.08,overcast clouds
383,Keningau,MY,2022-05-16 04:11:52,5.3378,116.1602,92.03,48,32,2.77,scattered clouds
384,Santa Maria,BR,2022-05-16 04:07:27,-29.6842,-53.8069,46.27,91,5,5.19,clear sky
385,Kushmurun,KZ,2022-05-16 04:11:52,52.4503,64.6311,60.15,67,100,14.97,overcast clouds
386,Mount Gambier,AU,2022-05-16 04:04:16,-37.8333,140.7667,56.39,66,86,14.52,light rain
387,Tabuk,PH,2022-05-16 04:03:00,17.4189,121.4443,88.54,64,90,3.69,overcast clouds
388,Gravelbourg,CA,2022-05-16 04:11:53,49.8834,-106.5512,56.68,44,80,3.87,broken clouds
389,Banikoara,BJ,2022-05-16 04:11:53,11.2985,2.4386,80.53,69,77,3.6,broken clouds
390,Winona,US,2022-05-16 04:11:54,43.9666,-91.7668,58.8,58,0,0.0,clear sky
391,Kayes,ML,2022-05-16 04:11:54,14.0,-11.0,87.33,8,43,6.91,scattered clouds
392,Bellavista,PE,2022-05-16 04:11:55,-7.0561,-76.5911,71.85,99,100,0.92,overcast clouds
393,Churapcha,RU,2022-05-16 04:11:55,62.0025,132.4325,45.66,51,100,10.47,overcast clouds
394,Ponta Delgada,PT,2022-05-16 04:11:56,37.7333,-25.6667,61.5,100,75,28.77,mist
395,Touros,BR,2022-05-16 04:02:36,-5.1989,-35.4608,76.6,91,88,7.78,overcast clouds
396,Selogiri,ID,2022-05-16 04:09:02,-7.7833,110.8667,87.12,63,47,5.08,scattered clouds
397,Boralday,KZ,2022-05-16 04:11:57,43.3578,76.8594,66.06,55,20,4.47,few clouds
398,Broken Hill,AU,2022-05-16 04:02:38,-31.95,141.4333,66.07,48,4,12.15,clear sky
399,Heze,CN,2022-05-16 04:11:57,35.2431,115.4411,86.23,7,0,7.72,clear sky
400,Neftcala,AZ,2022-05-16 04:11:58,39.3742,49.2472,65.66,72,43,4.94,scattered clouds
401,Takab,IR,2022-05-16 04:08:42,36.4009,47.1133,63.7,41,0,9.48,clear sky
402,Kaihua,CN,2022-05-16 04:11:58,23.3687,104.28,54.43,87,100,6.44,overcast clouds
403,Anadyr,RU,2022-05-16 04:11:59,64.75,177.4833,39.7,44,0,24.61,clear sky
404,Heihe,CN,2022-05-16 04:11:59,50.2441,127.4902,57.78,20,32,11.14,scattered clouds
405,Biak,ID,2022-05-16 04:07:26,-0.9131,122.8766,82.2,79,53,2.39,broken clouds
406,Pleasanton,US,2022-05-16 04:11:53,37.6624,-121.8747,62.8,81,0,10.36,clear sky
407,Zhigansk,RU,2022-05-16 04:04:22,66.7697,123.3711,34.77,56,100,16.78,overcast clouds
408,Port Blair,IN,2022-05-16 04:04:27,11.6667,92.75,82.44,89,75,2.3,broken clouds
409,Rauma,FI,2022-05-16 04:12:01,61.1272,21.5113,42.84,78,5,15.14,clear sky
410,Varkkallai,IN,2022-05-16 04:12:01,8.7341,76.7067,80.38,85,100,7.92,overcast clouds
411,Bagu,PH,2022-05-16 04:12:02,18.4228,121.3583,86.38,72,90,5.35,overcast clouds
412,Alofi,NU,2022-05-16 04:02:32,-19.0595,-169.9187,76.87,65,13,16.89,few clouds
413,Atbasar,KZ,2022-05-16 04:12:02,51.8,68.3333,68.59,38,100,20.0,overcast clouds
414,Payo,ID,2022-05-16 04:06:42,-3.7508,103.6372,90.63,54,72,2.86,broken clouds
415,Tessalit,ML,2022-05-16 04:12:03,20.1986,1.0114,83.73,26,2,6.85,clear sky
416,Bathsheba,BB,2022-05-16 04:02:46,13.2167,-59.5167,78.91,86,44,19.44,scattered clouds
417,Sakaraha,MG,2022-05-16 04:12:04,-22.9,44.5333,61.03,64,0,2.21,clear sky
418,Burnie,AU,2022-05-16 04:06:17,-41.0667,145.9167,58.91,76,14,18.84,few clouds
419,Socond,RO,2022-05-16 04:12:04,47.5667,22.95,54.18,87,94,2.3,overcast clouds
420,Port Hedland,AU,2022-05-16 04:02:43,-20.3167,118.5667,89.65,19,2,12.66,clear sky
421,Bengkulu,ID,2022-05-16 04:03:42,-3.8004,102.2655,79.81,82,91,1.74,overcast clouds
422,Ondjiva,AO,2022-05-16 04:07:40,-17.0667,15.7333,59.81,50,8,7.09,clear sky
423,Juneau,US,2022-05-16 03:59:00,58.3019,-134.4197,47.84,72,100,3.89,overcast clouds
424,Sibolga,ID,2022-05-16 04:04:15,1.7427,98.7792,78.96,87,100,2.62,moderate rain
425,Harper,LR,2022-05-16 04:02:32,4.375,-7.7169,78.19,85,100,7.14,light rain
426,Strelka,RU,2022-05-16 04:12:06,58.0728,93.0344,64.0,73,100,8.59,light rain
427,Sorland,NO,2022-05-16 04:04:46,67.667,12.6934,39.06,62,69,19.86,broken clouds
428,Ottawa,CA,2022-05-16 04:11:42,45.4112,-75.6981,64.98,95,23,2.01,few clouds
429,Yamada,JP,2022-05-16 04:12:07,39.4667,141.95,60.21,63,100,12.06,overcast clouds
430,Atikokan,CA,2022-05-16 04:12:07,48.7555,-91.6216,43.9,69,71,10.47,broken clouds
431,Skjervoy,NO,2022-05-16 04:06:32,70.0311,20.9714,37.4,99,100,18.92,light rain
432,Kamenolomni,RU,2022-05-16 04:12:08,47.6685,40.2051,53.87,72,6,10.83,clear sky
433,Ancud,CL,2022-05-16 04:04:35,-41.8697,-73.8203,46.27,81,100,8.95,overcast clouds
434,Valcourt,CA,2022-05-16 04:12:08,45.5001,-72.3158,62.49,99,100,4.03,overcast clouds
435,San Fernando,PH,2022-05-16 04:12:09,15.0286,120.6898,95.83,44,78,5.7,broken clouds
436,Cabedelo,BR,2022-05-16 04:00:10,-6.9811,-34.8339,77.45,85,100,6.15,overcast clouds
437,Rocha,UY,2022-05-16 04:12:09,-34.4833,-54.3333,51.24,74,55,14.25,broken clouds
438,Brighton,GB,2022-05-16 04:12:10,50.8284,-0.1395,58.8,94,86,4.0,overcast clouds
439,Qeshm,IR,2022-05-16 04:12:10,26.9581,56.2719,94.87,63,0,2.3,clear sky
440,Honiara,SB,2022-05-16 04:02:37,-9.4333,159.95,83.5,76,40,3.65,scattered clouds
441,Ilulissat,GL,2022-05-16 04:05:31,69.2167,-51.1,19.42,63,17,0.0,few clouds
442,Paracatu,BR,2022-05-16 04:11:28,-17.2222,-46.8747,65.8,89,87,1.7,light rain
443,Galle,LK,2022-05-16 04:12:11,6.0367,80.217,82.38,82,71,15.41,broken clouds
444,Talitay,PH,2022-05-16 04:12:12,7.0333,124.7,90.61,56,97,3.15,overcast clouds
445,Petrov Val,RU,2022-05-16 04:12:12,50.1434,45.2096,52.43,77,73,12.39,broken clouds
446,Tiksi,RU,2022-05-16 04:02:58,71.6872,128.8694,22.6,86,93,11.9,overcast clouds
447,Fairbanks,US,2022-05-16 04:02:32,64.8378,-147.7164,47.23,58,100,1.01,overcast clouds
448,Damaturu,NG,2022-05-16 04:12:13,11.747,11.9608,82.94,28,25,3.85,scattered clouds
449,Mae Hong Son,TH,2022-05-16 04:12:14,19.3003,97.9685,95.74,43,49,3.11,scattered clouds
450,Boyolangu,ID,2022-05-16 04:12:14,-8.1181,111.8935,85.96,63,55,6.15,broken clouds
451,Dambulla,LK,2022-05-16 04:12:15,7.86,80.6517,83.41,69,94,13.82,overcast clouds
452,Charters Towers,AU,2022-05-16 04:12:15,-20.1,146.2667,81.61,45,0,6.44,clear sky
453,Palmerston,AU,2022-05-16 04:12:16,-12.486,130.9833,93.04,56,20,6.91,few clouds
454,Nisia Floresta,BR,2022-05-16 04:12:16,-6.0911,-35.2086,76.01,94,97,5.73,overcast clouds
455,Emerald,AU,2022-05-16 04:12:17,-23.5333,148.1667,81.34,59,5,8.97,clear sky
456,Yelets,RU,2022-05-16 04:12:17,52.6237,38.5017,47.07,85,76,14.5,broken clouds
457,Kahului,US,2022-05-16 04:06:41,20.8947,-156.47,80.62,66,40,14.97,scattered clouds
458,Seoul,KR,2022-05-16 04:12:13,37.5683,126.9778,74.59,28,5,12.12,clear sky
459,Sao Filipe,CV,2022-05-16 04:02:40,14.8961,-24.4956,74.62,76,88,6.78,overcast clouds
460,Abeche,TD,2022-05-16 04:12:18,13.8292,20.8324,79.92,41,89,5.73,overcast clouds
461,Nishihara,JP,2022-05-16 04:12:19,26.1842,127.7558,65.86,94,100,14.97,light intensity shower rain
462,Muros,ES,2022-05-16 04:04:07,42.7762,-9.0603,62.17,87,97,10.8,overcast clouds
463,Alamogordo,US,2022-05-16 04:12:19,32.8995,-105.9603,77.02,5,0,5.75,clear sky
464,Komsomolskiy,UZ,2022-05-16 04:10:57,40.4272,71.7189,66.92,68,0,0.0,clear sky
465,Aswan,EG,2022-05-16 04:04:31,24.0934,32.907,81.45,18,98,17.0,overcast clouds
466,Codrington,AU,2022-05-16 04:04:22,-38.2667,141.9667,57.67,57,97,19.64,overcast clouds
467,Mount Pleasant,US,2022-05-16 04:08:10,32.7941,-79.8626,73.99,90,0,5.75,clear sky
468,Acapulco,MX,2022-05-16 04:03:35,16.8634,-99.8901,84.02,61,20,5.75,few clouds
469,Natal,BR,2022-05-16 04:12:21,-5.795,-35.2094,75.85,100,40,3.44,scattered clouds
470,Armidale,AU,2022-05-16 04:12:21,-30.5167,151.65,66.04,75,72,6.15,broken clouds
471,Ostrovnoy,RU,2022-05-16 04:04:20,68.0531,39.5131,36.88,81,25,8.75,scattered clouds
472,Bongandanga,CD,2022-05-16 04:12:22,1.5,21.05,69.22,98,64,1.21,light rain
473,Asau,RO,2022-05-16 04:04:02,46.4333,26.4,60.96,72,69,1.45,broken clouds
474,Coahuayana,MX,2022-05-16 04:06:47,18.7333,-103.6833,74.79,70,83,0.43,broken clouds
475,Malanje,AO,2022-05-16 04:12:23,-9.5402,16.341,59.67,72,57,3.29,broken clouds
476,Tsogni,GA,2022-05-16 04:12:23,-2.7942,10.0988,76.26,92,99,4.23,overcast clouds
477,Ornskoldsvik,SE,2022-05-16 04:07:10,63.2909,18.7153,41.72,64,1,13.58,clear sky
478,Ziebice,PL,2022-05-16 04:12:24,50.6012,17.0406,51.35,83,40,1.9,scattered clouds
479,Praia Da Vitoria,PT,2022-05-16 04:07:38,38.7333,-27.0667,56.75,82,32,30.91,scattered clouds
480,Lubango,AO,2022-05-16 04:10:31,-14.9172,13.4925,59.88,52,53,2.62,broken clouds
481,Barranca,PE,2022-05-16 04:12:25,-10.75,-77.7667,62.04,87,23,6.04,few clouds
482,Umm Bab,QA,2022-05-16 04:12:25,25.2142,50.8072,81.01,51,0,7.52,clear sky
483,Luwuk,ID,2022-05-16 04:12:26,-0.9516,122.7875,84.36,82,58,2.75,broken clouds
484,Cidreira,BR,2022-05-16 04:03:56,-30.1811,-50.2056,57.49,79,79,12.75,broken clouds
485,Keetmanshoop,NA,2022-05-16 04:12:27,-26.5833,18.1333,59.43,26,0,9.13,clear sky
486,College,US,2022-05-16 04:05:43,64.8569,-147.8028,47.21,58,75,12.66,broken clouds
487,Maceio,BR,2022-05-16 04:12:30,-9.6658,-35.7353,72.84,94,75,3.44,broken clouds
488,Coihaique,CL,2022-05-16 04:05:03,-45.5752,-72.0662,30.81,100,92,2.3,mist
489,General Pico,AR,2022-05-16 04:12:31,-35.6566,-63.7568,41.34,69,2,9.15,clear sky
490,Bud,US,2022-05-16 04:12:31,39.447,-86.1758,64.42,90,100,5.53,light rain
491,Saint-Francois,FR,2022-05-16 04:12:32,46.4154,3.9054,58.68,94,100,3.44,overcast clouds
492,Dalbandin,PK,2022-05-16 04:12:32,28.8947,64.4101,79.21,17,0,2.42,clear sky
493,Maunabo,PR,2022-05-16 04:12:33,18.0072,-65.8993,76.84,83,43,11.59,scattered clouds
494,Sitka,US,2022-05-16 04:01:14,57.0531,-135.33,44.98,88,99,5.28,overcast clouds
495,Haines Junction,CA,2022-05-16 04:12:33,60.7522,-137.5108,41.31,85,73,0.85,broken clouds
496,Lander,US,2022-05-16 04:08:38,42.833,-108.7307,58.01,45,0,10.36,clear sky
497,Cornwall,CA,2022-05-16 04:12:34,45.0181,-74.7281,65.44,100,0,4.61,clear sky
498,Latung,PH,2022-05-16 04:12:35,5.5,120.8833,82.85,71,49,1.63,scattered clouds
499,Keelung,TW,2022-05-16 04:12:35,25.1283,121.7419,65.57,92,100,9.98,overcast clouds
500,Balkanabat,TM,2022-05-16 04:06:14,39.5108,54.3671,76.77,29,33,2.84,scattered clouds
501,Teeli,RU,2022-05-16 04:12:36,51.0333,90.2333,65.73,32,100,0.63,overcast clouds
502,Solenzo,BF,2022-05-16 04:12:36,12.1833,-4.0833,88.3,40,73,5.48,broken clouds
503,Cartagena,CO,2022-05-16 04:10:10,10.3997,-75.5144,82.02,89,20,2.3,few clouds
504,Brokopondo,SR,2022-05-16 04:12:37,4.75,-55.1667,76.95,93,100,8.08,heavy intensity rain
505,Goure,NE,2022-05-16 04:12:38,13.9835,10.2704,75.76,20,9,9.75,clear sky
506,Nelson Bay,AU,2022-05-16 04:12:38,-32.7167,152.15,77.0,53,0,1.99,clear sky
507,Saint-Augustin,CA,2022-05-16 04:04:56,51.226,-58.6502,37.83,60,64,1.7,broken clouds
508,North Battleford,CA,2022-05-16 04:12:39,52.7834,-108.2847,50.61,55,36,5.37,scattered clouds
509,San Vicente,AR,2022-05-16 04:12:39,-26.6167,-54.1333,52.2,94,89,4.56,overcast clouds
510,Tyazhinskiy,RU,2022-05-16 04:12:40,56.116,88.524,69.69,45,96,12.28,overcast clouds
511,Baijiantan,CN,2022-05-16 04:12:41,45.6333,85.1833,76.01,30,62,2.59,broken clouds
512,Bakel,SN,2022-05-16 04:12:41,14.905,-12.4568,87.89,11,2,8.81,clear sky
513,West Bay,KY,2022-05-16 04:12:42,19.3667,-81.4167,80.08,81,26,13.38,scattered clouds
514,Mehran,IR,2022-05-16 04:08:02,33.1222,46.1646,88.5,17,8,12.03,clear sky
515,Kirovo-Chepetsk,RU,2022-05-16 04:12:43,58.5539,50.0399,51.15,73,16,2.26,few clouds
516,Coxim,BR,2022-05-16 04:12:43,-18.5067,-54.76,69.94,97,100,3.96,overcast clouds
517,Wonthaggi,AU,2022-05-16 04:12:44,-38.6044,145.5913,57.81,68,85,18.84,overcast clouds
518,Mutis,CO,2022-05-16 04:12:44,6.2262,-77.4044,79.32,87,100,3.06,moderate rain
519,Sabang,ID,2022-05-16 04:12:45,5.8933,95.3214,84.22,75,98,16.28,overcast clouds
520,Duiwelskloof,ZA,2022-05-16 04:12:45,-23.6934,30.14,57.85,96,88,3.24,overcast clouds
521,Torbay,CA,2022-05-16 04:00:53,47.6666,-52.7314,30.27,89,74,4.0,broken clouds
522,Goderich,CA,2022-05-16 04:12:46,43.7501,-81.7165,57.9,100,100,3.71,overcast clouds
523,Marsh Harbour,BS,2022-05-16 04:04:13,26.5412,-77.0636,77.95,82,89,10.25,overcast clouds
524,Abaza,RU,2022-05-16 04:12:46,52.655,90.0928,59.32,77,100,5.17,light rain
525,Mount Vernon,US,2022-05-16 04:07:56,40.9126,-73.8371,69.48,85,75,6.91,broken clouds
526,Belaya Gora,RU,2022-05-16 04:04:58,68.5333,146.4167,28.47,83,100,17.0,overcast clouds
527,Sechura,PE,2022-05-16 04:04:43,-5.5569,-80.8222,66.67,78,82,12.75,broken clouds
528,Sistranda,NO,2022-05-16 04:05:23,63.7256,8.834,39.16,59,100,10.07,overcast clouds
529,Ballina,AU,2022-05-16 04:12:47,-28.8667,153.5667,80.78,87,30,7.63,scattered clouds
530,Svetlogorsk,BY,2022-05-16 04:12:48,52.6333,29.7333,45.68,81,47,8.32,scattered clouds
531,Sid,RS,2022-05-16 04:12:48,45.1283,19.2264,53.67,74,0,3.15,clear sky
532,Lahij,YE,2022-05-16 04:12:49,13.1667,44.5833,88.48,22,1,2.48,clear sky
533,Flin Flon,CA,2022-05-16 04:04:17,54.7682,-101.865,33.08,97,100,7.31,light snow
534,Russell,US,2022-05-16 04:12:49,32.3502,-85.1999,71.2,88,0,3.44,clear sky
535,Barinas,VE,2022-05-16 04:12:50,8.6226,-70.2075,77.29,68,100,4.94,overcast clouds
536,Skegness,GB,2022-05-16 04:12:50,53.1436,0.3363,55.35,95,100,14.47,overcast clouds
537,Briancon,FR,2022-05-16 04:12:51,44.9,6.65,51.62,90,25,2.51,scattered clouds
538,Miraflores,MX,2022-05-16 04:03:46,19.2167,-98.8083,69.03,45,26,2.86,scattered clouds
539,Ahuimanu,US,2022-05-16 04:05:05,21.4447,-157.8378,78.51,76,100,11.5,overcast clouds
540,Carlos Barbosa,BR,2022-05-16 04:12:52,-29.2975,-51.5036,51.55,98,100,3.76,overcast clouds
541,Grinnell,US,2022-05-16 04:12:52,41.743,-92.7224,62.11,69,0,9.22,clear sky
542,Phonhong,LA,2022-05-16 04:12:53,18.5007,102.4166,78.46,93,96,0.65,overcast clouds
543,Kemijarvi,FI,2022-05-16 04:12:53,66.7131,27.4306,39.96,84,97,7.45,light rain
544,Omboue,GA,2022-05-16 04:12:54,-1.5746,9.2618,77.79,92,100,6.24,light rain
545,Mporokoso,ZM,2022-05-16 04:12:54,-9.3727,30.125,56.88,78,8,8.37,clear sky
546,Morehead,US,2022-05-16 04:12:54,37.2711,-87.1764,69.55,78,0,3.44,clear sky
547,Ambilobe,MG,2022-05-16 04:04:28,-13.2,49.05,70.75,81,6,2.82,clear sky
548,Bilma,NE,2022-05-16 04:06:10,18.6853,12.9164,74.89,22,0,10.78,clear sky
549,Remontnoye,RU,2022-05-16 04:12:55,46.5614,43.6501,57.74,70,61,14.23,broken clouds
550,Raymond,US,2022-05-16 04:12:56,43.9015,-70.4703,58.6,90,100,2.59,overcast clouds
551,Olinda,BR,2022-05-16 04:04:10,-8.0089,-34.8553,78.53,89,75,2.3,mist
552,Mirnyy,RU,2022-05-16 04:12:56,62.5353,113.9611,44.24,65,100,8.99,overcast clouds
553,Halifax,CA,2022-05-16 04:09:18,44.6453,-63.5724,48.09,96,100,5.99,overcast clouds
554,Camopi,GF,2022-05-16 04:12:57,3.1655,-52.3158,74.23,100,100,1.36,overcast clouds
555,Havelock,US,2022-05-16 04:12:58,34.8791,-76.9013,73.38,91,89,3.0,overcast clouds
556,Tazovskiy,RU,2022-05-16 04:12:58,67.4667,78.7,45.25,85,100,5.97,overcast clouds
557,Mersin,TR,2022-05-16 04:12:59,36.862,34.6509,64.45,69,0,5.66,clear sky
558,Dunmore Town,BS,2022-05-16 04:12:59,25.5,-76.65,78.78,82,100,11.01,overcast clouds
559,Washougal,US,2022-05-16 04:12:59,45.5826,-122.3534,63.03,78,36,4.0,scattered clouds
560,Whitianga,NZ,2022-05-16 04:13:00,-36.8333,175.7,66.33,87,100,11.05,overcast clouds
561,Comodoro Rivadavia,AR,2022-05-16 04:03:57,-45.8667,-67.5,47.3,65,16,8.95,few clouds
562,Riyadh,SA,2022-05-16 04:08:47,24.6877,46.7219,77.14,9,0,6.42,clear sky
563,Kirakira,SB,2022-05-16 04:13:01,-10.4544,161.9205,84.27,71,37,1.7,scattered clouds
564,Laguna,US,2022-05-16 04:13:01,38.421,-121.4238,73.11,58,0,10.36,clear sky
565,Antofagasta,CL,2022-05-16 04:13:02,-23.65,-70.4,56.48,74,99,5.75,overcast clouds
566,Sandpoint,US,2022-05-16 04:13:02,48.2766,-116.5533,55.69,77,100,3.44,overcast clouds
567,Kalevala,RU,2022-05-16 04:13:03,65.2,31.1667,44.4,82,100,2.28,overcast clouds
568,Waldoboro,US,2022-05-16 04:13:03,44.0954,-69.3756,54.75,98,100,3.87,overcast clouds
569,Atambua,ID,2022-05-16 04:13:04,-9.1061,124.8925,85.44,58,0,3.76,clear sky
570,Ceuta,ES,2022-05-16 04:13:04,35.8903,-5.3075,64.44,86,35,11.74,scattered clouds
571,Ulladulla,AU,2022-05-16 04:13:05,-35.35,150.4667,68.77,49,0,7.0,clear sky
572,Ketchikan,US,2022-05-16 04:05:34,55.3422,-131.6461,45.34,95,100,5.12,moderate rain
573,Dera Bugti,PK,2022-05-16 04:13:05,29.0307,69.151,98.58,8,0,9.13,clear sky
574,Rio Grande,BR,2022-05-16 04:12:17,-32.035,-52.0986,47.95,66,3,16.53,clear sky
575,Zyryanka,RU,2022-05-16 04:07:06,65.75,150.85,36.7,80,100,5.59,overcast clouds
576,Hengshui,CN,2022-05-16 04:13:06,37.7322,115.7011,84.43,10,0,8.41,clear sky
577,Xining,CN,2022-05-16 04:13:07,36.6167,101.7667,51.44,41,6,4.18,clear sky
578,Banepa,NP,2022-05-16 04:13:07,27.6298,85.5214,75.52,78,40,2.3,scattered clouds
579,Dukat,RU,2022-05-16 04:13:08,62.55,155.55,34.29,94,100,7.14,overcast clouds
580,Ulaangom,MN,2022-05-16 04:13:09,49.9811,92.0667,68.56,14,100,2.84,overcast clouds
581,Vao,NC,2022-05-16 04:10:48,-22.6667,167.4833,73.92,76,23,18.37,few clouds
582,Coquimbo,CL,2022-05-16 04:03:16,-29.9533,-71.3436,54.72,89,8,1.74,clear sky
583,Horsham,GB,2022-05-16 04:03:15,51.064,-0.3272,57.94,91,96,9.01,overcast clouds
584,Kandrian,PG,2022-05-16 04:13:10,-6.2167,149.55,86.34,62,54,8.28,broken clouds
585,Encruzilhada,BR,2022-05-16 04:13:10,-15.5314,-40.9094,64.83,98,97,0.92,overcast clouds
586,Ozuluama,MX,2022-05-16 04:13:11,21.6667,-97.85,73.72,84,1,9.26,clear sky
587,Wolfsburg,DE,2022-05-16 04:13:11,52.4333,10.8,50.83,86,27,6.87,scattered clouds
588,Luganville,VU,2022-05-16 04:13:12,-15.5333,167.1667,81.18,71,77,11.92,broken clouds
589,Canto Do Buriti,BR,2022-05-16 04:13:12,-8.11,-42.9444,74.68,70,95,2.91,overcast clouds
590,Samana,DO,2022-05-16 04:13:12,19.2056,-69.3369,76.1,88,99,6.89,overcast clouds
591,Susangerd,IR,2022-05-16 04:13:13,31.5608,48.1831,93.24,12,2,4.65,clear sky
592,Ayolas,PY,2022-05-16 04:13:13,-27.4,-56.9,48.63,78,0,6.35,clear sky
593,La Uvita,CO,2022-05-16 04:13:14,6.3168,-72.5603,53.1,88,93,5.66,overcast clouds
594,Kuryk,KZ,2022-05-16 04:13:14,43.2,51.65,68.29,48,34,2.33,scattered clouds
595,Bonavista,CA,2022-05-16 04:07:12,48.6499,-53.1147,31.33,82,14,5.12,few clouds
596,Gboko,NG,2022-05-16 04:13:15,7.3179,8.9951,76.66,85,93,5.79,overcast clouds
597,Vardo,NO,2022-05-16 04:13:15,70.3705,31.1107,37.38,75,100,12.66,overcast clouds
598,Mattawa,US,2022-05-16 04:13:16,46.7379,-119.9028,66.2,67,14,1.01,few clouds
599,Mount Darwin,ZW,2022-05-16 04:13:17,-16.7725,31.5838,50.4,89,0,3.4,clear sky
600,Ateli,IN,2022-05-16 04:13:17,28.1,76.2833,100.47,12,37,15.28,scattered clouds
601,Kamenka,RU,2022-05-16 04:07:54,51.3223,42.7678,48.9,88,55,10.94,broken clouds
602,Roebourne,AU,2022-05-16 04:13:18,-20.7833,117.1333,83.93,30,17,13.91,few clouds
603,Rutana,BI,2022-05-16 04:13:18,-3.8667,30.1,57.27,93,100,0.29,light rain
604,Carutapera,BR,2022-05-16 04:13:19,-1.195,-46.02,76.66,94,100,5.41,overcast clouds
605,Kjopsvik,NO,2022-05-16 04:13:22,68.097,16.3742,39.16,96,100,5.75,overcast clouds
606,Abu Samrah,SY,2022-05-16 04:13:23,35.3029,37.1841,62.53,72,0,16.4,clear sky
607,Tucuman,AR,2022-05-16 04:13:23,-26.8241,-65.2226,50.0,100,100,3.44,overcast clouds
608,Marsa Matruh,EG,2022-05-16 04:07:57,31.3525,27.2453,64.36,83,96,8.14,overcast clouds
609,Pacific Grove,US,2022-05-16 04:03:24,36.6177,-121.9166,61.25,85,20,10.36,few clouds
610,Lata,PT,2022-05-16 04:04:11,40.1629,-8.3327,57.92,88,100,4.68,overcast clouds
611,La Reforma,MX,2022-05-16 04:13:24,25.0833,-108.05,74.95,69,65,1.03,broken clouds
612,Paamiut,GL,2022-05-16 04:06:51,61.994,-49.6678,32.72,63,3,5.32,clear sky
613,Sandwick,GB,2022-05-16 04:13:25,60.0,-1.25,46.22,93,100,17.27,mist
614,Krasnoselkup,RU,2022-05-16 04:13:25,65.7,82.4667,49.96,87,100,8.63,moderate rain
615,Camana,PE,2022-05-16 04:13:26,-16.6228,-72.7111,64.24,86,27,7.25,scattered clouds
616,Sabha,LY,2022-05-16 04:05:21,27.0377,14.4283,67.51,23,0,10.11,clear sky
617,Kisangani,CD,2022-05-16 04:06:15,0.5167,25.2,70.09,99,89,2.06,overcast clouds
618,Haicheng,CN,2022-05-16 04:13:27,40.8516,122.7475,74.41,20,64,8.59,broken clouds
619,Norman Wells,CA,2022-05-16 04:13:27,65.282,-126.8329,50.5,66,51,9.08,broken clouds
620,Chicama,PE,2022-05-16 04:13:28,-7.8447,-79.1469,61.34,76,73,6.78,broken clouds
621,San Carlos De Bariloche,AR,2022-05-16 04:13:28,-41.1456,-71.3082,40.24,49,75,3.87,broken clouds
622,Lima,PE,2022-05-16 04:13:01,-12.0432,-77.0282,62.91,81,41,10.36,scattered clouds
623,Solnechnyy,RU,2022-05-16 04:13:29,50.7214,136.6319,52.95,45,99,8.23,overcast clouds
624,Hobyo,SO,2022-05-16 04:12:08,5.3505,48.5268,80.91,75,3,23.11,clear sky
625,Amuntai,ID,2022-05-16 04:13:30,-2.4177,115.2494,93.16,53,70,1.59,broken clouds
626,Ayagoz,KZ,2022-05-16 04:07:07,47.9714,80.4392,65.97,50,3,1.72,clear sky
627,Quang Ngai,VN,2022-05-16 04:13:30,15.1167,108.8,79.21,90,100,3.2,overcast clouds
628,Marystown,CA,2022-05-16 04:13:31,47.1666,-55.1483,40.86,100,94,10.71,overcast clouds
629,Urucara,BR,2022-05-16 04:13:31,-2.5364,-57.76,74.53,98,100,1.66,light rain
630,Itarema,BR,2022-05-16 04:05:47,-2.9248,-39.9167,75.45,93,51,8.79,broken clouds
631,Adilabad,IN,2022-05-16 04:10:54,19.6667,78.5333,101.21,30,24,9.71,few clouds
632,Hoshcha,UA,2022-05-16 04:13:32,50.6003,26.6744,46.69,86,8,5.12,clear sky
633,Eskisehir,TR,2022-05-16 04:10:39,39.7767,30.5206,51.71,93,0,4.61,clear sky
634,Fairhope,US,2022-05-16 04:13:33,30.523,-87.9033,72.68,75,0,6.91,clear sky
635,Thunder Bay,CA,2022-05-16 04:00:21,48.4001,-89.3168,46.2,73,36,6.46,scattered clouds
636,Khani,GE,2022-05-16 04:13:33,41.9563,42.9566,47.77,92,100,3.56,light rain
637,Kattivakkam,IN,2022-05-16 04:13:34,13.2167,80.3167,86.09,82,100,8.25,overcast clouds
638,Lilongwe,MW,2022-05-16 04:13:34,-13.9669,33.7873,53.8,93,0,6.91,clear sky
639,Pottstown,US,2022-05-16 04:12:27,40.2454,-75.6496,69.39,85,0,1.99,clear sky
640,Sola,VU,2022-05-16 04:06:43,-13.8833,167.55,80.56,72,100,16.53,overcast clouds
641,Roura,GF,2022-05-16 04:13:35,4.7263,-52.3274,81.97,100,75,0.0,broken clouds
642,Kununurra,AU,2022-05-16 04:11:14,-15.7667,128.7333,94.98,36,1,9.22,clear sky
643,Terra Roxa,BR,2022-05-16 04:13:36,-23.8557,-50.0314,54.63,97,3,2.51,clear sky
644,Bardiyah,LY,2022-05-16 04:12:32,31.7561,25.0865,64.58,82,0,7.11,clear sky
645,Ternate,ID,2022-05-16 04:13:36,0.8,127.4,86.27,64,57,3.06,broken clouds
646,Vanimo,PG,2022-05-16 04:04:24,-2.6741,141.3028,88.45,56,73,5.39,broken clouds
647,Berlevag,NO,2022-05-16 04:13:37,70.8578,29.0864,37.4,87,100,8.05,light rain
648,Nyurba,RU,2022-05-16 04:13:37,63.2842,118.3319,44.35,61,79,9.71,broken clouds
649,Almunecar,ES,2022-05-16 04:13:38,36.7339,-3.6907,70.23,69,68,11.12,broken clouds
650,Yagodnoye,RU,2022-05-16 04:13:38,62.55,149.6667,35.06,100,100,3.27,overcast clouds
651,Kortkeros,RU,2022-05-16 04:13:39,61.8106,51.5806,50.18,71,94,2.24,overcast clouds
652,Sept-Iles,CA,2022-05-16 04:05:18,50.2001,-66.3821,41.52,84,100,14.97,moderate rain
653,Mitsamiouli,KM,2022-05-16 04:13:40,-11.3847,43.2844,79.59,66,4,6.82,clear sky
654,Bougouni,ML,2022-05-16 04:13:40,11.417,-7.479,80.19,47,20,5.37,few clouds
655,Rzhaksa,RU,2022-05-16 04:13:40,52.1338,42.0264,47.95,89,42,11.48,scattered clouds
656,Port-Gentil,GA,2022-05-16 04:07:21,-0.7193,8.7815,80.2,86,89,9.73,light rain
657,Muyezerskiy,RU,2022-05-16 04:13:41,63.9333,31.65,41.13,93,100,5.08,overcast clouds
658,Hokitika,NZ,2022-05-16 04:13:42,-42.7167,170.9667,60.19,81,38,3.8,scattered clouds
659,Sorada,IN,2022-05-16 04:13:42,19.75,84.4333,99.95,38,22,2.66,few clouds
660,Beloha,MG,2022-05-16 04:03:43,-25.1667,45.05,66.69,84,0,11.92,clear sky
661,Manokwari,ID,2022-05-16 04:13:43,-0.8667,134.0833,82.6,71,84,5.53,broken clouds
662,Arvika,SE,2022-05-16 04:13:43,59.6553,12.5852,43.41,54,95,2.89,overcast clouds
663,Hirado,JP,2022-05-16 04:13:44,33.3597,129.5531,63.97,58,96,8.7,overcast clouds
664,Bambanglipuro,ID,2022-05-16 04:13:44,-7.95,110.2833,86.5,66,74,7.47,broken clouds
665,Kendari,ID,2022-05-16 04:04:49,-3.945,122.4989,86.43,69,19,3.31,few clouds
666,Arlit,NE,2022-05-16 04:06:34,18.7369,7.3853,78.46,17,1,6.44,clear sky
667,Imeni Poliny Osipenko,RU,2022-05-16 04:13:45,52.4201,136.4853,52.93,39,100,4.83,overcast clouds
668,Aalen,DE,2022-05-16 04:13:46,48.8378,10.0933,58.98,72,99,3.85,overcast clouds
669,Princeton,US,2022-05-16 04:13:46,25.5384,-80.4089,81.01,92,0,5.75,clear sky
670,Hami,CN,2022-05-16 04:05:43,42.8,93.45,79.72,4,100,6.55,overcast clouds
671,Juegang,CN,2022-05-16 04:13:47,32.3174,121.1855,78.94,36,2,5.32,clear sky
672,Ziro,IN,2022-05-16 04:13:48,27.6333,93.8333,52.54,99,100,2.17,overcast clouds
673,Gizo,SB,2022-05-16 04:13:48,-8.103,156.8419,83.39,70,17,5.97,light rain
674,Saldanha,ZA,2022-05-16 04:05:58,-33.0117,17.9442,61.77,39,1,8.32,clear sky
675,Ulcinj,ME,2022-05-16 04:13:49,41.9294,19.2244,61.99,78,0,3.91,clear sky
676,Beidao,CN,2022-05-16 04:13:49,34.5686,105.8933,66.09,30,0,0.27,clear sky
677,Southport,GB,2022-05-16 04:13:50,53.6478,-3.0065,56.8,94,100,14.67,overcast clouds
678,Shimoda,JP,2022-05-16 04:13:50,34.6667,138.95,58.1,91,100,9.42,light rain
679,Povenets,RU,2022-05-16 04:13:51,62.8487,34.8262,37.78,84,98,8.1,overcast clouds
680,Caranavi,BO,2022-05-16 04:13:51,-15.8167,-67.55,63.32,100,99,1.77,overcast clouds
681,Bani Walid,LY,2022-05-16 04:13:51,31.7566,13.9942,72.18,24,0,10.89,clear sky
682,Ilebo,CD,2022-05-16 04:13:52,-4.3167,20.5833,69.28,84,66,1.28,broken clouds
683,Boende,CD,2022-05-16 04:13:53,-0.2167,20.8667,71.02,93,87,1.68,light rain
